"id","typeOfQuestion","first_color","second_color","third_color","clicks","page_time","rating","resets","id_question"
"5710ee9e58646","objTwoColors","#FF00FF","222.3913043478261","NONE",514,43,4,0,2
"5710ee9e58646","objTwoColors","#FF0000","54.78260869565217","NONE",367,22,4,0,8
"5710ee9e58646","objTwoColors","#FF0080","353.47826086956525","253.69565217391303",371,34,2,0,5
"5710ee9e58646","objTwoColors","#FF8000","54.78260869565217","354.1304347826087",175,11,4,0,11
"5710ee9e58646","twoColorsObj","#00FF00","#FFFF00","#0080FF",133,13,4,0,28
"5710ee9e58646","twoColorsObj","#FF0000","#0000FF","#FB0080",146,17,3,0,19
"5710ee9e58646","objTwoColors","#00FF80","204.78260869565216","131.41304347826087",734,42,3,0,9
"5710ee9e58646","objTwoColors","#FF007F","226.30434782608697","355.4347826086957",333,24,3,0,16
"5710ee9e58646","objTwoColors","#0080FF","243.91304347826087","80.54347826086956",496,22,2,0,13
"5710ee9e58646","twoColorsObj","#00FFFF","#FF00FF","#B000FF",379,19,3,0,24
"5710ee9e58646","twoColorsObj","#FF0000","#FFFF00","#FF6F00",291,25,5,0,23
"5710ee9e58646","twoColorsObj","#FF0000","#FF00FF","#FF0080",171,8,4,0,22
"5710ee9e58646","objTwoColors","#80FF00","56.08695652173913","197.93478260869566",110,9,4,0,3
"5710ee9e58646","objTwoColors","#8000FF","326.0869565217391","223.3695652173913",389,13,4,0,14
"5710ee9e58646","twoColorsObj","#0000FF","#FF00FF","#800080",222,11,4,0,30
"5710ee9e58646","objTwoColors","#FFFF00","5.217391304347826","123.58695652173913",159,11,3,0,1
"5710ee9e58646","twoColorsObj","#FF0000","#00FF00","#FFFF00",152,9,3,0,18
"5710ee9e58646","objTwoColors","#00FF00","56.08695652173913","199.89130434782606",285,19,4,0,17
"5710ee9e58646","objTwoColors","#FF8000","3.9130434782608696","55.43478260869565",311,11,5,0,6
"5710ee9e58646","twoColorsObj","#00FF00","#FF00FF","#0000FF",348,23,2,0,27
"5710ee9e58646","objTwoColors","#0000FF","314.34782608695656","201.84782608695653",601,54,2,0,7
"5710ee9e58646","objTwoColors","#7f00ff","326.0869565217391","201.84782608695653",267,40,4,0,4
"5710ee9e58646","objTwoColors","#0080FF","10.434782608695652","241.95652173913044",620,27,2,0,10
"5710ee9e58646","twoColorsObj","#00FF00","#00FFFF","#46ff9c",151,26,4,0,26
"5710ee9e58646","twoColorsObj","#0000FF","#00FFFF","#00acff",635,30,3,0,29
"5710ee9e58646","twoColorsObj","#00FF00","#0000FF","#00caff",281,11,4,0,20
"5710ee9e58646","twoColorsObj","#0000FF","#FFFF00","#00FF00",236,10,4,0,31
"5710ee9e58646","twoColorsObj","#00FFFF","#FFFF00","#80FF00",183,9,3,0,32
"5710ee9e58646","twoColorsObj","#FF0000","#00FFFF","#FF0080",222,31,3,0,21
"5710ee9e58646","objTwoColors","#00FF80","101.08695652173913","197.93478260869566",510,52,4,0,15
"5710ee9e58646","twoColorsObj","#FF00FF","#FFFF00","#FF6755",257,45,3,0,25
"5710ee9e58646","objTwoColors","#80FF00","58.69565217391305","207.71739130434784",97,9,4,0,12
"5711231e370f2","objTwoColors","#FF007F","341.7391304347826","NONE",1084,54,4,0,16
"5711231e370f2","twoColorsObj","#00FFFF","#FFFF00","#91c01d",483,41,4,0,32
"5711231e370f2","twoColorsObj","#FF00FF","#FFFF00","#FF6F00",729,81,3,0,25
"5711231e370f2","objTwoColors","#00FF80","NONE","145.10869565217394",637,40,3,0,15
"5711231e370f2","twoColorsObj","#FF0000","#0000FF","#ca0088",491,33,4,0,19
"5711231e370f2","twoColorsObj","#FF0000","#FF00FF","#ca0088",273,16,4,0,22
"5711231e370f2","twoColorsObj","#00FF00","#0000FF","#91c01d",512,24,3,0,20
"5711231e370f2","objTwoColors","#0080FF","NONE","194.0217391304348",88,7,4,0,10
"5711231e370f2","twoColorsObj","#0000FF","#00FFFF","#0080FF",250,25,4,0,29
"5711231e370f2","twoColorsObj","#00FF00","#FFFF00","#aeff00",284,16,4,0,28
"5711231e370f2","twoColorsObj","#00FF00","#FF00FF","#FF6755",1375,56,2,0,27
"5711231e370f2","twoColorsObj","#FF0000","#00FF00","#D7A700",18,13,4,0,18
"5711231e370f2","objTwoColors","#00FF00","NONE","149.02173913043475",460,25,4,0,17
"5711231e370f2","twoColorsObj","#00FF00","#00FFFF","#46ff9c",273,19,4,0,26
"5711231e370f2","objTwoColors","#80FF00","NONE","147.06521739130434",422,19,4,0,12
"5711231e370f2","objTwoColors","#FF00FF","NONE","301.95652173913044",584,20,3,0,2
"5711231e370f2","objTwoColors","#0000FF","NONE","205.76086956521738",122,6,4,0,7
"5711231e370f2","twoColorsObj","#0000FF","#FF00FF","#8000FF",262,20,3,0,30
"5711231e370f2","twoColorsObj","#FF0000","#FFFF00","#FF6F00",414,132,3,0,23
"5711231e370f2","twoColorsObj","#FF0000","#00FFFF","#c9b2a2",368,144,2,0,21
"5711231e370f2","objTwoColors","#7f00ff","NONE","290.2173913043478",276,31,4,0,4
"5711231e370f2","objTwoColors","#FF8000","NONE","38.47826086956522",306,11,4,0,6
"5711231e370f2","twoColorsObj","#00FFFF","#FF00FF","#c6aeff",294,42,2,0,24
"5711231e370f2","objTwoColors","#FF0080","NONE","301.95652173913044",163,10,4,0,5
"5711231e370f2","twoColorsObj","#0000FF","#FFFF00","#808000",12,23,3,0,31
"5711231e370f2","objTwoColors","#FF8000","NONE","33.26086956521739",35,5,4,0,11
"5711231e370f2","objTwoColors","#FF0000","NONE","15",392,13,4,0,8
"5711231e370f2","objTwoColors","#FFFF00","NONE","58.04347826086956",390,41,3,0,1
"5711231e370f2","objTwoColors","#0080FF","NONE","188.1521739130435",80,5,3,0,13
"5711231e370f2","objTwoColors","#8000FF","NONE","286.30434782608694",264,9,4,0,14
"5711231e370f2","objTwoColors","#80FF00","NONE","145.10869565217394",275,9,4,0,3
"5711231e370f2","objTwoColors","#00FF80","NONE","162.71739130434784",66,4,4,0,9
"571151812791a","twoColorsObj","#00FF00","#00FFFF","#FFFF00",71,14,3,0,26
"571151812791a","objTwoColors","#FFFF00","229.23913043478262","112.82608695652175",243,14,4,0,1
"571151812791a","twoColorsObj","#0000FF","#FFFF00","#aeff00",117,12,3,0,31
"571151812791a","objTwoColors","#FF0080","12.391304347826088","NONE",34,30,4,0,5
"571151812791a","twoColorsObj","#FF0000","#0000FF","#c6aeff",93,34,3,0,19
"571151812791a","objTwoColors","#00FF00","58.04347826086956","179.3478260869565",88,9,3,0,17
"571151812791a","objTwoColors","#80FF00","192.06521739130434","46.95652173913044",76,17,3,0,3
"571151812791a","twoColorsObj","#FF0000","#FFFF00","#FF6F00",22,8,5,0,23
"571151812791a","objTwoColors","#FF0000","348.9130434782609","9.130434782608695",430,57,1,0,8
"571151812791a","objTwoColors","#FF00FF","4.565217391304348","230.21739130434784",58,37,3,0,2
"571151812791a","twoColorsObj","#00FFFF","#FF00FF","#FB0080",259,80,1,0,24
"571151812791a","twoColorsObj","#FF00FF","#FFFF00","#ffa6a6",114,14,1,0,25
"571151812791a","twoColorsObj","#00FFFF","#FFFF00","#00FF00",154,10,3,0,32
"571151812791a","objTwoColors","#00FF80","58.04347826086956","200.8695652173913",119,11,3,0,9
"571151812791a","twoColorsObj","#0000FF","#FF00FF","#8000FF",125,11,2,0,30
"571151812791a","objTwoColors","#0080FF","59.347826086956516","97.17391304347825",196,15,3,0,13
"571151812791a","objTwoColors","#7f00ff","11.086956521739129","243.91304347826087",141,30,3,0,4
"571151812791a","objTwoColors","#8000FF","13.695652173913043","222.3913043478261",133,8,3,0,14
"571151812791a","twoColorsObj","#00FF00","#FFFF00","#00caff",67,7,3,0,28
"571151812791a","twoColorsObj","#0000FF","#00FFFF","#00acff",281,12,3,0,29
"571151812791a","objTwoColors","#FF007F","5.869565217391305","208.69565217391303",88,8,3,0,16
"571151812791a","objTwoColors","#FF8000","1.9565217391304348","57.391304347826086",247,20,3,0,6
"571151812791a","twoColorsObj","#FF0000","#FF00FF","#FF8080",129,12,1,0,22
"571151812791a","objTwoColors","#0000FF","55.43478260869565","132.3913043478261",344,21,3,0,7
"571151812791a","objTwoColors","#FF8000","11.086956521739129","61.95652173913044",145,10,3,0,11
"571151812791a","objTwoColors","#00FF80","59.347826086956516","228.26086956521738",90,7,3,0,15
"571151812791a","objTwoColors","#80FF00","215.54347826086956","57.391304347826086",146,10,3,0,12
"571151812791a","objTwoColors","#0080FF","54.130434782608695","157.82608695652175",82,29,3,0,10
"571151812791a","twoColorsObj","#FF0000","#00FFFF","#ca8aaa",160,9,3,0,21
"571151812791a","twoColorsObj","#00FF00","#0000FF","#FFFF00",310,26,3,0,20
"571151812791a","twoColorsObj","#FF0000","#00FF00","#c9b2a2",110,39,2,0,18
"571151812791a","twoColorsObj","#00FF00","#FF00FF","#808080",239,11,3,0,27
"5713a02a13044","objTwoColors","#FF8000","56.08695652173913","354.1304347826087",183,25,4,0,6
"5713a02a13044","objTwoColors","#00FF80","97.17391304347825","NONE",836,38,4,0,9
"5713a02a13044","objTwoColors","#FF8000","11.73913043478261","59.347826086956516",64,26,4,0,11
"5713a02a13044","twoColorsObj","#FF0000","#00FFFF","#7f00ff",131,52,2,0,21
"5713a02a13044","objTwoColors","#0000FF","198.91304347826087","207.71739130434784",611,105,3,0,7
"5713a02a13044","twoColorsObj","#00FF00","#FF00FF","#7f00ff",144,34,3,0,27
"5713a02a13044","twoColorsObj","#00FF00","#FFFF00","#00caff",183,42,2,0,28
"5713a02a13044","objTwoColors","#00FF00","NONE","137.2826086956522",459,56,2,0,17
"5713a02a13044","twoColorsObj","#FF0000","#FF00FF","#FF0050",140,275,3,0,22
"5713a02a13044","twoColorsObj","#FF0000","#FFFF00","#FF6F00",35,9,3,0,23
"5713a02a13044","objTwoColors","#FF007F","343.04347826086956","NONE",150,14,3,0,16
"5713a02a13044","twoColorsObj","#0000FF","#00FFFF","#0000FF",91,7,3,0,29
"5713a02a13044","twoColorsObj","#FF0000","#00FF00","#808000",12,3,3,0,18
"5713a02a13044","twoColorsObj","#FF00FF","#FFFF00","#c6aeff",140,22,2,0,25
"5713a02a13044","objTwoColors","#FFFF00","1.3043478260869565","51.52173913043478",85,13,4,0,1
"5713a02a13044","objTwoColors","#7f00ff","6.521739130434782","318.9130434782609",143,8,2,0,4
"5713a02a13044","objTwoColors","#FF00FF","NONE","270.6521739130435",321,58,3,0,2
"5713a02a13044","twoColorsObj","#00FF00","#0000FF","#B000FF",176,18,2,0,20
"5713a02a13044","twoColorsObj","#FF0000","#0000FF","#8000FF",247,13,4,0,19
"5713a02a13044","twoColorsObj","#0000FF","#FFFF00","#91c01d",151,10,3,0,31
"5713a02a13044","objTwoColors","#8000FF","289.5652173913044","248.47826086956522",427,177,2,0,14
"5713a02a13044","twoColorsObj","#0000FF","#FF00FF","#7f00ff",145,11,3,0,30
"5713a02a13044","objTwoColors","#0080FF","228.26086956521738","NONE",83,14,3,0,10
"5713a02a13044","objTwoColors","#80FF00","112.82608695652175","NONE",195,10,4,0,3
"5713a02a13044","objTwoColors","#FF0080","56.08695652173913","338.4782608695652",145,13,3,0,5
"5713a02a13044","objTwoColors","#0080FF","228.26086956521738","NONE",89,11,3,0,13
"5713a02a13044","twoColorsObj","#00FFFF","#FFFF00","#ab00ff",136,11,2,0,32
"5713a02a13044","objTwoColors","#FF0000","30","16.304347826086957",982,95,1,1,8
"5713a02a13044","objTwoColors","#80FF00","150","NONE",326,31,2,0,12
"5713a02a13044","objTwoColors","#00FF80","5.217391304347826","NONE",287,31,4,0,15
"5713a02a13044","twoColorsObj","#00FF00","#00FFFF","#008080",115,32,3,0,26
"5713a02a13044","twoColorsObj","#00FFFF","#FF00FF","#7d93a6",153,16,2,0,24
"572767049ccfa","objTwoColors","#0000FF","181.30434782608694","56.73913043478261",148,55,3,0,10
"572767049ccfa","objTwoColors","#B100FF","328.69565217391306","348.9130434782609",355,23,4,0,14
"572767049ccfa","twoColorsObj","#00FFFF","#CBFF00","#74FF88",449,68,1,0,32
"572767049ccfa","objTwoColors","#0000FF","226.30434782608697","NONE",177,22,3,0,13
"572767049ccfa","objTwoColors","#00FF00","5.217391304347826","227.28260869565216",103,17,4,0,3
"572767049ccfa","twoColorsObj","#0000FF","#FF00FF","#6500FF",92,30,3,0,30
"572767049ccfa","objTwoColors","#CEFF00","179.3478260869565","58.04347826086956",124,20,3,0,1
"572767049ccfa","objTwoColors","#FF00FF","7.826086956521739","127.5",185,61,1,0,2
"572767049ccfa","objTwoColors","#FF7200","57.391304347826086","355.4347826086957",207,16,5,0,11
"572767049ccfa","twoColorsObj","#FF0000","#00FF00","#D9FF00",201,10,4,0,18
"572767049ccfa","objTwoColors","#FF7200","9.130434782608695","58.04347826086956",71,7,4,0,6
"572767049ccfa","twoColorsObj","#00FF00","#0000FF","#F000FF",257,37,2,0,20
"572767049ccfa","twoColorsObj","#0000FF","#CBFF00","#998077",148,25,2,0,31
"572767049ccfa","twoColorsObj","#FF00FF","#CBFF00","#008788",14,19,2,0,25
"572767049ccfa","twoColorsObj","#FF0000","#00FFFF","#008788",24,12,3,0,21
"572767049ccfa","objTwoColors","#FF007A","5.217391304347826","115.76086956521738",118,12,4,0,16
"572767049ccfa","twoColorsObj","#00FF00","#CBFF00","#978900",123,21,3,0,28
"572767049ccfa","twoColorsObj","#FF0000","#CBFF00","#3F0091",661,51,2,0,23
"572767049ccfa","twoColorsObj","#00FF00","#00FFFF","NONE",0,44,1,0,26
"572767049ccfa","twoColorsObj","#0000FF","#00FFFF","#006C84",590,26,3,0,29
"572767049ccfa","objTwoColors","#00FF00","185.21739130434784","58.04347826086956",100,19,3,0,12
"572767049ccfa","twoColorsObj","#00FFFF","#FF00FF","#51DF00",633,56,3,0,24
"572767049ccfa","objTwoColors","#6C00FF","181.30434782608694","239.02173913043478",120,9,4,0,7
"572767049ccfa","twoColorsObj","#00FF00","#FF00FF","#7E7E7E",156,14,4,0,27
"572767049ccfa","objTwoColors","#B100FF","255.65217391304344","318.9130434782609",380,23,1,0,4
"572767049ccfa","objTwoColors","#FF0000","316.95652173913044","59.347826086956516",134,14,3,0,8
"572767049ccfa","twoColorsObj","#FF0000","#FF00FF","#D9FF00",203,11,2,0,22
"572767049ccfa","objTwoColors","#FF007A","337.82608695652175","113.80434782608697",2,4,3,0,5
"572767049ccfa","objTwoColors","#00FF00","56.08695652173913","221.41304347826087",126,15,3,0,17
"572767049ccfa","objTwoColors","#00FF9A","122.6086956521739","184.23913043478262",399,30,3,0,9
"572767049ccfa","objTwoColors","#00FF9A","157.82608695652175","NONE",109,12,4,0,15
"572767049ccfa","twoColorsObj","#FF0000","#0000FF","#F000FF",124,10,3,0,19
"572c85675a5ef","twoColorsObj","#FF00FF","#FFFF00","#ff007f",424,60,3,0,25
"572c85675a5ef","twoColorsObj","#0000FF","#FFFF00","#00acff",802,96,2,0,31
"572c85675a5ef","twoColorsObj","#00FFFF","#FF00FF","#00ffb7",359,117,2,0,24
"572c85675a5ef","objTwoColors","#FFFF00","346.304347826087","101.08695652173913",1209,97,3,0,1
"572c85675a5ef","objTwoColors","#80FF00","98.15217391304348","93.26086956521739",208,27,5,0,12
"572c85675a5ef","twoColorsObj","#00FF00","#00FFFF","#00ffb7",491,242,4,0,26
"572c85675a5ef","twoColorsObj","#00FF00","#0000FF","#00FFFF",500,29,5,0,20
"572c85675a5ef","objTwoColors","#FF00FF","215.54347826086956","344.3478260869565",323,40,5,0,2
"572c85675a5ef","twoColorsObj","#FF0000","#FF00FF","#ff007f",197,44,4,0,22
"572c85675a5ef","twoColorsObj","#00FF00","#FFFF00","#c4ff9e",304,49,2,0,28
"572c85675a5ef","twoColorsObj","#00FFFF","#FFFF00","#6effa3",593,89,2,0,32
"572c85675a5ef","objTwoColors","#00FF00","113.80434782608697","110.86956521739131",231,32,5,0,17
"572c85675a5ef","twoColorsObj","#00FF00","#FF00FF","#c9ab00",66,62,1,0,27
"572c85675a5ef","twoColorsObj","#FF0000","#00FFFF","#FF9F00",55,24,3,0,21
"572c85675a5ef","objTwoColors","#FF8000","8.478260869565217","173.47826086956522",80,15,3,0,6
"572c85675a5ef","objTwoColors","#FF0000","3.260869565217391","3.9130434782608696",6,8,5,0,8
"572c85675a5ef","twoColorsObj","#FF0000","#FFFF00","#FF6F00",308,63,4,0,23
"572c85675a5ef","twoColorsObj","#0000FF","#FF00FF","#7f00ff",226,40,2,0,30
"572c85675a5ef","objTwoColors","#0000FF","225.32608695652175","222.3913043478261",151,30,5,0,7
"572c85675a5ef","twoColorsObj","#0000FF","#00FFFF","#00acff",173,17,4,0,29
"572c85675a5ef","objTwoColors","#0080FF","219.45652173913044","185.21739130434784",285,48,5,0,13
"572c85675a5ef","twoColorsObj","#FF0000","#0000FF","#FF0080",298,21,5,0,19
"572c85675a5ef","objTwoColors","#FF007F","221.41304347826087","7.826086956521739",77,12,5,0,16
"572c85675a5ef","objTwoColors","#FF8000","7.173913043478261","57.391304347826086",100,19,5,0,11
"572c85675a5ef","twoColorsObj","#FF0000","#00FF00","#FFFF00",11,9,5,0,18
"572c85675a5ef","objTwoColors","#00FF80","104.0217391304348","58.69565217391305",485,53,3,0,15
"572c85675a5ef","objTwoColors","#8000FF","270.6521739130435","270",263,47,5,0,14
"572c85675a5ef","objTwoColors","#00FF80","160.76086956521738","114.78260869565219",265,170,4,0,9
"572c85675a5ef","objTwoColors","#FF0080","5.869565217391305","335.2173913043478",115,18,4,0,5
"572c85675a5ef","objTwoColors","#7f00ff","239.02173913043478","279.1304347826087",276,21,3,0,4
"572c85675a5ef","objTwoColors","#0080FF","205.76086956521738","208.69565217391303",167,36,5,0,10
"572c85675a5ef","objTwoColors","#80FF00","94.23913043478261","97.17391304347825",223,24,5,0,3
"5739ff85289b2","objTwoColors","#FF7200","167.60869565217394","51.52173913043478",531,131,1,0,6
"5739ff85289b2","twoColorsObj","#00FF00","#0000FF","#FAFF00",45,29,3,0,20
"5739ff85289b2","objTwoColors","#6C00FF","310.4347826086957","172.5",7,21,1,0,7
"5739ff85289b2","objTwoColors","#FF7200","212.60869565217394","58.04347826086956",123,42,2,0,11
"5739ff85289b2","twoColorsObj","#00FF00","#FF00FF","#6500FF",5,33,3,0,27
"5739ff85289b2","objTwoColors","#00FF00","332.6086956521739","33.26086956521739",137,54,1,0,3
"5739ff85289b2","objTwoColors","#B100FF","277.82608695652175","NONE",11,26,3,0,4
"5739ff85289b2","twoColorsObj","#00FF00","#00FFFF","#FAFF00",13,14,4,0,26
"5739ff85289b2","objTwoColors","#FF00FF","305.2173913043478","195.97826086956522",10,45,1,0,2
"5739ff85289b2","objTwoColors","#0000FF","81.52173913043478","51.52173913043478",8,18,3,0,13
"5739ff85289b2","objTwoColors","#FF007A","110.86956521739131","33.26086956521739",10,28,2,0,16
"5739ff85289b2","twoColorsObj","#FF0000","#00FF00","#998077",8,11,3,0,18
"5739ff85289b2","objTwoColors","#00FF00","16.956521739130434","33.26086956521739",40,23,3,0,12
"5739ff85289b2","objTwoColors","#00FF00","75.65217391304348","102.06521739130434",15,36,4,0,17
"5739ff85289b2","twoColorsObj","#0000FF","#CBFF00","#FAFF00",64,19,5,0,31
"5739ff85289b2","twoColorsObj","#00FFFF","#FF00FF","#8342FF",169,34,2,0,24
"5739ff85289b2","objTwoColors","#0000FF","54.78260869565217","109.8913043478261",101,41,3,0,10
"5739ff85289b2","objTwoColors","#FF0000","150","34.56521739130435",54,33,2,0,8
"5739ff85289b2","twoColorsObj","#FF0000","#0000FF","#6500FF",8,33,2,0,19
"5739ff85289b2","objTwoColors","#CEFF00","49.56521739130435","195.97826086956522",6,17,2,0,1
"5739ff85289b2","twoColorsObj","#00FF00","#CBFF00","#00FF77",4,14,2,0,28
"5739ff85289b2","twoColorsObj","#0000FF","#00FFFF","#9700FF",11,30,2,0,29
"5739ff85289b2","twoColorsObj","#FF0000","#00FFFF","#008788",1,9,2,0,21
"5739ff85289b2","objTwoColors","#FF007A","112.82608695652175","37.17391304347826",8,13,2,0,5
"5739ff85289b2","objTwoColors","#B100FF","307.82608695652175","318.9130434782609",11,22,2,0,14
"573a059da0efd","twoColorsObj","#00FF00","#CBFF00","#978900",164,60,3,0,28
"573a059da0efd","twoColorsObj","#0000FF","#CBFF00","#998077",404,41,5,0,31
"573a059da0efd","twoColorsObj","#FF0000","#0000FF","#33E000",104,22,4,0,19
"573a059da0efd","twoColorsObj","#00FFFF","#FF00FF","NONE",79,42,1,0,24
"573a059da0efd","twoColorsObj","#0000FF","#FF00FF","NONE",0,6,1,0,30
"573a059da0efd","twoColorsObj","#FF00FF","#CBFF00","NONE",0,54,1,0,25
"573a059da0efd","twoColorsObj","#FF0000","#00FF00","#008DF8",388,64,3,0,18
"573a059da0efd","objTwoColors","#6C00FF","300","209.67391304347825",557,70,3,0,7
"573a059da0efd","objTwoColors","#00FF00","208.69565217391303","52.82608695652174",115,12,5,0,17
"573a059da0efd","twoColorsObj","#00FF00","#0000FF","#998077",221,20,5,0,20
"573a059da0efd","twoColorsObj","#00FF00","#00FFFF","#EFFF00",259,26,5,0,26
"573a059da0efd","twoColorsObj","#FF0000","#CBFF00","NONE",0,49,1,0,23
"573a059da0efd","objTwoColors","#FF007A","7.826086956521739","NONE",323,51,1,0,5
"573a059da0efd","twoColorsObj","#0000FF","#00FFFF","#00A4FF",39,45,3,0,29
"573a059da0efd","twoColorsObj","#00FF00","#FF00FF","NONE",0,40,1,0,27
"573a059da0efd","twoColorsObj","#00FFFF","#CBFF00","#998077",644,50,4,0,32
"573a059da0efd","twoColorsObj","#FF0000","#FF00FF","#3F0091",110,19,3,0,22
"573a059da0efd","objTwoColors","#FF00FF","NONE","NONE",0,15,1,0,2
"573a059da0efd","twoColorsObj","#FF0000","#00FFFF","#33E000",177,16,5,0,21
"573a059da0efd","objTwoColors","#CEFF00","198.91304347826087","48.91304347826087",84,13,5,0,1
"573a059da0efd","objTwoColors","#B100FF","NONE","NONE",0,3,1,0,14
"573a059da0efd","objTwoColors","#FF7200","136.30434782608697","221.41304347826087",574,85,3,0,6
"573a059da0efd","objTwoColors","#00FF9A","NONE","NONE",0,11,1,0,9
"573a059da0efd","objTwoColors","#0000FF","75.65217391304348","52.82608695652174",296,21,4,0,10
"573a059da0efd","objTwoColors","#00FF9A","198.91304347826087","62.93478260869565",181,26,5,0,15
"573a059da0efd","objTwoColors","#00FF00","196.95652173913044","52.82608695652174",385,22,5,0,12
"573a059da0efd","objTwoColors","#FF7200","NONE","NONE",0,5,1,0,11
"573a059da0efd","objTwoColors","#0000FF","99.1304347826087","54.130434782608695",285,23,5,0,13
"573a059da0efd","objTwoColors","#00FF00","195","64.8913043478261",180,23,5,0,3
"573a059da0efd","objTwoColors","#FF007A","NONE","NONE",0,2,1,0,16
"573a059da0efd","objTwoColors","#FF0000","NONE","NONE",0,2,1,0,8
"573a059da0efd","objTwoColors","#B100FF","NONE","NONE",0,3,1,0,4
"573a0b8280839","objTwoColors","#00FF9A","","37.17391304347826",211,35,3,0,15
"573a0b8280839","objTwoColors","#0000FF","NONE","266.7391304347826",253,40,3,0,10
"573a0b8280839","twoColorsObj","#FF0000","#00FF00","#998077",384,31,3,0,18
"573a0b8280839","objTwoColors","#00FF9A","NONE","39.78260869565217",76,12,3,0,9
"573a0b8280839","twoColorsObj","#0000FF","#00FFFF","#0087FF",52,22,3,0,29
"573a0b8280839","objTwoColors","#B100FF","NONE","321.52173913043475",104,20,3,0,14
"573a0b8280839","objTwoColors","#00FF00","NONE","31.956521739130437",25,5,3,0,17
"573a0b8280839","objTwoColors","#6C00FF","NONE","317.60869565217394",49,7,3,0,7
"573a0b8280839","twoColorsObj","#FF0000","#00FFFF","#9700FF",204,24,3,0,21
"573a0b8280839","twoColorsObj","#FF0000","#FF00FF","#3F0091",160,24,3,0,22
"573a0b8280839","objTwoColors","#CEFF00","NONE","39.78260869565217",38,9,3,0,1
"573a0b8280839","objTwoColors","#00FF00","NONE","33.26086956521739",27,6,3,0,12
"573a0b8280839","objTwoColors","#FF7200","54.78260869565217","NONE",9,6,3,0,11
"573a0b8280839","objTwoColors","#0000FF","56.08695652173913","331.95652173913044",953,72,3,0,13
"573a0b8280839","objTwoColors","#B100FF","173.47826086956522","346.304347826087",597,58,3,0,4
"573a0b8280839","objTwoColors","#FF7200","52.17391304347826","42.391304347826086",44,8,3,0,6
"573a0b8280839","objTwoColors","#00FF00","163.69565217391306","54.130434782608695",144,27,3,0,3
"573a0b8280839","objTwoColors","#FF007A","40.43478260869565","51.52173913043478",33,8,3,0,5
"573a0b8280839","twoColorsObj","#0000FF","#FF00FF","#3F0091",94,18,3,0,30
"573a0b8280839","objTwoColors","#FF007A","46.95652173913044","37.17391304347826",45,14,3,0,16
"573a0b8280839","twoColorsObj","#00FFFF","#CBFF00","#0F00FF",123,14,3,0,32
"573c70dabcfe0","objTwoColors","#0000FF","128.47826086956522","66.84782608695652",431,62,2,0,10
"573c70dabcfe0","twoColorsObj","#00FFFF","#FF00FF","#6500FF",185,43,4,0,24
"573c70dabcfe0","objTwoColors","#FF0000","56.08695652173913","244.56521739130434",508,85,4,0,8
"573c70dabcfe0","twoColorsObj","#0000FF","#CBFF00","#E576FF",188,19,3,0,31
"573c70dabcfe0","objTwoColors","#FF7200","56.08695652173913","92.28260869565217",116,15,2,0,6
"573c70dabcfe0","twoColorsObj","#00FF00","#FF00FF","#9700FF",74,10,2,0,27
"573c70dabcfe0","twoColorsObj","#FF00FF","#CBFF00","#9C66C4",216,45,3,0,25
"573c70dabcfe0","objTwoColors","#B100FF","230.21739130434784","117.71739130434781",199,20,3,0,4
"573c70dabcfe0","objTwoColors","#00FF9A","73.69565217391305","245.8695652173913",321,41,3,0,15
"573c70dabcfe0","objTwoColors","#FF00FF","179.3478260869565","72.71739130434783",134,21,3,0,2
"573c70dabcfe0","objTwoColors","#FF007A","67.82608695652175","182.28260869565216",549,72,3,0,5
"573c70dabcfe0","objTwoColors","#0000FF","114.78260869565219","60.97826086956521",175,13,2,0,13
"573c70dabcfe0","objTwoColors","#6C00FF","110.86956521739131","62.93478260869565",335,32,3,0,7
"573c70dabcfe0","twoColorsObj","#FF0000","#00FFFF","#00A89E",57,10,3,0,21
"573c70dabcfe0","twoColorsObj","#FF0000","#CBFF00","#3F0091",95,36,3,0,23
"573c70dabcfe0","objTwoColors","#B100FF","53.47826086956522","13.695652173913043",71,41,3,0,14
"573c70dabcfe0","twoColorsObj","#FF0000","#00FF00","#B000FF",304,20,3,0,18
"573c70dabcfe0","objTwoColors","#00FF9A","87.3913043478261","186.19565217391306",216,24,3,0,9
"573c70dabcfe0","twoColorsObj","#FF0000","#0000FF","#998077",304,22,3,0,19
"573c70dabcfe0","twoColorsObj","#00FF00","#00FFFF","#008788",62,15,2,0,26
"573c70dabcfe0","twoColorsObj","#00FF00","#0000FF","#006C84",26,17,3,0,20
"573c70dabcfe0","twoColorsObj","#00FF00","#CBFF00","#E8A362",265,18,3,0,28
"573c70dabcfe0","twoColorsObj","#0000FF","#00FFFF","#00B146",55,9,3,0,29
"573c70dabcfe0","twoColorsObj","#00FFFF","#CBFF00","#33E000",290,88,3,0,32
"573c70dabcfe0","twoColorsObj","#FF0000","#FF00FF","#008788",88,8,3,0,22
"573c70dabcfe0","twoColorsObj","#0000FF","#FF00FF","#B00084",183,13,2,0,30
"573c70dabcfe0","objTwoColors","#CEFF00","69.78260869565217","NONE",710,60,2,0,1
"573c70dabcfe0","objTwoColors","#00FF00","54.78260869565217","221.41304347826087",192,14,2,0,17
"573c70dabcfe0","objTwoColors","#FF7200","142.17391304347828","72.71739130434783",568,34,3,0,11
"573c70dabcfe0","objTwoColors","#FF007A","348.26086956521743","NONE",535,28,2,0,16
"573c70dabcfe0","objTwoColors","#00FF00","65.86956521739131","123.58695652173913",472,26,3,0,12
"573c70dabcfe0","objTwoColors","#00FF00","58.69565217391305","231.19565217391303",305,32,2,0,3
"573c783748e8b","objTwoColors","#FF007A","350.8695652173913","NONE",539,83,4,0,16
"573c783748e8b","objTwoColors","#FF7200","353.47826086956525","56.73913043478261",132,17,4,0,6
"573c783748e8b","objTwoColors","#0000FF","232.17391304347825","229.23913043478262",132,41,4,0,13
"573c783748e8b","objTwoColors","#00FF00","99.1304347826087","109.8913043478261",954,119,4,1,3
"573c783748e8b","twoColorsObj","#00FFFF","#CBFF00","#00FF6B",44,25,3,1,32
"573c783748e8b","objTwoColors","#FF007A","350.8695652173913","72.71739130434783",244,20,3,0,5
"573c783748e8b","twoColorsObj","#00FFFF","#FF00FF","#006C84",14,12,3,0,24
"573c783748e8b","objTwoColors","#B100FF","350.8695652173913","211.6304347826087",383,53,3,0,4
"573c783748e8b","objTwoColors","#FF7200","348.26086956521743","59.347826086956516",106,12,3,0,11
"573c783748e8b","twoColorsObj","#FF0000","#0000FF","#998077",633,44,3,0,19
"573c783748e8b","objTwoColors","#00FF9A","23.47826086956522","55.43478260869565",580,53,3,0,9
"573c783748e8b","objTwoColors","#CEFF00","54.78260869565217","56.73913043478261",77,18,3,0,1
"573c783748e8b","twoColorsObj","#FF00FF","#CBFF00","#008788",42,60,3,0,25
"573c783748e8b","twoColorsObj","#00FF00","#0000FF","#998077",212,32,3,0,20
"573c783748e8b","twoColorsObj","#FF0000","#00FFFF","#00B146",66,11,3,0,21
"573c783748e8b","objTwoColors","#B100FF","354.78260869565213","231.19565217391303",294,20,3,0,14
"573c783748e8b","objTwoColors","#6C00FF","349.5652173913043","215.54347826086956",190,15,3,0,7
"573c783748e8b","objTwoColors","#FF00FF","271.30434782608694","NONE",613,50,3,0,2
"573c783748e8b","objTwoColors","#0000FF","238.04347826086956","225.32608695652175",123,14,3,0,10
"573c783748e8b","twoColorsObj","#0000FF","#CBFF00","#998077",201,15,3,0,31
"573c783748e8b","objTwoColors","#00FF00","110.86956521739131","117.71739130434781",492,29,3,0,17
"573c783748e8b","twoColorsObj","#00FF00","#CBFF00","#998077",504,33,3,0,28
"573c783748e8b","objTwoColors","#00FF9A","142.17391304347828","NONE",350,17,3,0,15
"573c783748e8b","twoColorsObj","#FF0000","#CBFF00","#33E000",37,4,3,0,23
"573c783748e8b","twoColorsObj","#00FF00","#FF00FF","#006C84",929,47,3,0,27
"573c783748e8b","twoColorsObj","#0000FF","#FF00FF","#E8A362",330,48,3,0,30
"573c783748e8b","objTwoColors","#FF0000","2.608695652173913","354.1304347826087",474,29,3,0,8
"573c783748e8b","twoColorsObj","#FF0000","#00FF00","#BFBE00",656,47,3,0,18
"573c783748e8b","objTwoColors","#00FF00","114.78260869565219","98.15217391304348",423,26,3,0,12
"573c783748e8b","twoColorsObj","#0000FF","#00FFFF","#00A4FF",23,7,3,0,29
"573c783748e8b","twoColorsObj","#FF0000","#FF00FF","#008788",204,27,3,0,22
"573c783748e8b","twoColorsObj","#00FF00","#00FFFF","#00FF6B",59,9,3,0,26
"573e4022949b1","twoColorsObj","#FF0000","#00FFFF","#3F0091",372,79,2,0,21
"573e4022949b1","objTwoColors","#FF007A","5.869565217391305","NONE",148,53,5,0,5
"573e4022949b1","twoColorsObj","#FF0000","#CBFF00","#9C66C4",232,29,2,0,23
"573e4022949b1","twoColorsObj","#0000FF","#FF00FF","#9700FF",143,14,3,0,30
"573e4022949b1","twoColorsObj","#FF00FF","#CBFF00","#BFBE00",342,43,2,0,25
"573e4022949b1","twoColorsObj","#00FF00","#0000FF","#B000FF",344,59,1,0,20
"573e4022949b1","objTwoColors","#B100FF","279.78260869565213","NONE",85,10,5,0,14
"573e4022949b1","twoColorsObj","#00FF00","#00FFFF","#8342FF",163,18,2,0,26
"573e4022949b1","twoColorsObj","#0000FF","#CBFF00","#00B146",194,43,2,0,31
"573e4022949b1","twoColorsObj","#00FF00","#CBFF00","#998077",239,23,3,0,28
"573e4022949b1","objTwoColors","#00FF9A","149.02173913043475","NONE",511,32,5,0,9
"573e4022949b1","twoColorsObj","#FF0000","#FF00FF","#9700FF",117,12,2,0,22
"573e4022949b1","objTwoColors","#00FF9A","149.02173913043475","NONE",108,9,5,0,15
"573e4022949b1","twoColorsObj","#FF0000","#0000FF","#B000FF",218,35,2,0,19
"573e4022949b1","objTwoColors","#FF7200","24.130434782608695","NONE",53,7,5,0,6
"573e4022949b1","twoColorsObj","#00FF00","#FF00FF","#8342FF",99,18,2,0,27
"573e4022949b1","objTwoColors","#FF00FF","NONE","298.69565217391306",109,16,5,0,2
"573e4022949b1","twoColorsObj","#0000FF","#00FFFF","#0087FF",73,8,5,0,29
"573e4022949b1","twoColorsObj","#FF0000","#00FF00","#B000FF",334,23,2,0,18
"573e4022949b1","twoColorsObj","#00FFFF","#CBFF00","#51DF00",46,16,3,0,32
"573e4022949b1","twoColorsObj","#00FFFF","#FF00FF","#E26AA4",128,11,3,0,24
"573e4022949b1","objTwoColors","#0000FF","235.1086956521739","NONE",80,14,5,0,10
"573e4022949b1","objTwoColors","#00FF00","119.67391304347825","NONE",93,16,5,0,17
"573e4022949b1","objTwoColors","#6C00FF","NONE","264.78260869565213",289,33,5,0,7
"573e4022949b1","objTwoColors","#B100FF","279.78260869565213","NONE",76,10,5,0,4
"573e4022949b1","objTwoColors","#FF007A","333.2608695652174","NONE",151,24,5,0,16
"573e4022949b1","objTwoColors","#0000FF","243.2608695652174","NONE",99,13,5,0,13
"573e4022949b1","objTwoColors","#CEFF00","70.76086956521739","NONE",130,9,5,0,1
"573e4022949b1","objTwoColors","#00FF00","127.5","NONE",115,10,5,0,3
"573e4022949b1","objTwoColors","#FF0000","1.9565217391304348","NONE",53,8,5,0,8
"573e4022949b1","objTwoColors","#00FF00","119.67391304347825","NONE",113,12,5,0,12
"573e4022949b1","objTwoColors","#FF7200","0.6521739130434783","54.78260869565217",192,22,5,0,11
"573e47c26cb8e","objTwoColors","#FF007A","3.260869565217391","40.43478260869565",138,82,3,0,16
"573e47c26cb8e","objTwoColors","#FF7200","17.608695652173914","46.95652173913044",44,10,3,0,6
"573e47c26cb8e","twoColorsObj","#FF0000","#00FFFF","#8342FF",421,29,2,0,21
"573e47c26cb8e","objTwoColors","#0000FF","266.7391304347826","204.78260869565216",749,54,1,0,13
"573e47c26cb8e","objTwoColors","#B100FF","41.08695652173913","255.65217391304344",127,17,3,0,14
"573e47c26cb8e","objTwoColors","#00FF00","58.04347826086956","249.1304347826087",206,17,3,0,3
"573e47c26cb8e","objTwoColors","#FF7200","150.9782608695652","356.0869565217391",141,26,3,0,11
"573e47c26cb8e","objTwoColors","#00FF9A","38.47826086956522","214.56521739130434",113,16,2,0,9
"573e47c26cb8e","twoColorsObj","#0000FF","#CBFF00","#768F00",145,13,2,0,31
"573e47c26cb8e","twoColorsObj","#00FFFF","#FF00FF","#798DAB",80,13,2,0,24
"573e47c26cb8e","twoColorsObj","#00FF00","#0000FF","#8342FF",85,16,2,0,20
"573e47c26cb8e","objTwoColors","#FF007A","9.782608695652174","41.73913043478261",44,15,2,0,5
"573e47c26cb8e","twoColorsObj","#FF0000","#CBFF00","#E576FF",182,18,2,0,23
"573e47c26cb8e","objTwoColors","#00FF9A","38.47826086956522","200.8695652173913",76,11,2,0,15
"573e47c26cb8e","objTwoColors","#00FF00","58.04347826086956","234.1304347826087",78,9,2,0,17
"573e47c26cb8e","objTwoColors","#0000FF","4.565217391304348","103.04347826086956",120,46,2,0,10
"573e47c26cb8e","objTwoColors","#FF0000","66.84782608695652","294.7826086956522",329,38,2,0,8
"573e47c26cb8e","twoColorsObj","#00FFFF","#CBFF00","#798DAB",98,20,2,0,32
"573e47c26cb8e","twoColorsObj","#0000FF","#FF00FF","#8342FF",132,18,2,0,30
"573e47c26cb8e","twoColorsObj","#FF0000","#00FF00","#D9FF00",171,14,3,0,18
"573e47c26cb8e","twoColorsObj","#FF0000","#0000FF","#00FF00",53,8,3,0,19
"573e47c26cb8e","twoColorsObj","#00FF00","#CBFF00","#00FF77",54,81,3,0,28
"573e47c26cb8e","twoColorsObj","#FF0000","#FF00FF","#8342FF",185,20,2,0,22
"573e47c26cb8e","objTwoColors","#6C00FF","304.5652173913043","230.21739130434784",260,28,2,0,7
"573e47c26cb8e","twoColorsObj","#00FF00","#00FFFF","#798DAB",93,10,2,0,26
"573e47c26cb8e","twoColorsObj","#FF00FF","#CBFF00","#00FF77",99,10,2,0,25
"573e47c26cb8e","twoColorsObj","#00FF00","#FF00FF","#CDB196",222,33,1,0,27
"573e47c26cb8e","objTwoColors","#B100FF","233.15217391304347","300",297,24,3,0,4
"573e47c26cb8e","objTwoColors","#FF00FF","209.67391304347825","324.78260869565213",160,28,2,0,2
"573e47c26cb8e","twoColorsObj","#0000FF","#00FFFF","#008DF8",22,4,3,0,29
"573e47c26cb8e","objTwoColors","#CEFF00","51.52173913043478","155.8695652173913",108,26,2,0,1
"573e47c26cb8e","objTwoColors","#00FF00","55.43478260869565","250.43478260869566",281,25,2,0,12
"573e4d0eb795b","twoColorsObj","#FF0000","#CBFF00","#00FF9C",41,43,3,0,23
"573e4d0eb795b","objTwoColors","#00FF9A","145.10869565217394","NONE",200,34,3,0,15
"573e4d0eb795b","twoColorsObj","#FF0000","#FF00FF","#9700FF",118,43,3,0,22
"573e4d0eb795b","twoColorsObj","#FF0000","#0000FF","#D9FF00",167,15,4,0,19
"573e4d0eb795b","twoColorsObj","#0000FF","#FF00FF","#D9FF00",172,40,4,0,30
"573e4d0eb795b","twoColorsObj","#00FF00","#0000FF","#9700FF",134,51,2,0,20
"573e4d0eb795b","twoColorsObj","#FF00FF","#CBFF00","#00FF00",36,15,3,0,25
"573e4d0eb795b","twoColorsObj","#00FF00","#FF00FF","#D9FF00",166,15,2,0,27
"573e4d0eb795b","objTwoColors","#FF007A","330.6521739130435","NONE",79,20,5,0,16
"573e4d0eb795b","twoColorsObj","#00FFFF","#FF00FF","#8342FF",144,27,4,0,24
"573e4d0eb795b","objTwoColors","#FF007A","NONE","333.9130434782609",96,29,4,0,5
"573e4d0eb795b","objTwoColors","#CEFF00","239.02173913043478","120.65217391304347",157,23,4,0,1
"573e4d0eb795b","objTwoColors","#00FF00","235.1086956521739","58.69565217391305",121,28,4,0,17
"573e4d0eb795b","objTwoColors","#FF00FF","307.17391304347825","NONE",75,11,4,0,2
"573e4d0eb795b","objTwoColors","#0000FF","223.3695652173913","NONE",52,73,4,0,10
"573e4d0eb795b","twoColorsObj","#FF0000","#00FF00","#D9FF00",166,20,4,0,18
"573e4d0eb795b","objTwoColors","#00FF00","58.04347826086956","236.08695652173913",88,19,5,0,3
"573e4d0eb795b","twoColorsObj","#00FFFF","#CBFF00","#00FF00",53,7,4,0,32
"573e4d0eb795b","twoColorsObj","#FF0000","#00FFFF","#00FF00",57,13,4,0,21
"573e4d0eb795b","twoColorsObj","#0000FF","#CBFF00","#00FF00",39,6,4,0,31
"573e4d0eb795b","twoColorsObj","#00FF00","#00FFFF","#D9FF00",246,65,4,0,26
"573e4d0eb795b","objTwoColors","#00FF00","102.06521739130434","NONE",127,13,4,0,12
"573e4d0eb795b","twoColorsObj","#00FF00","#CBFF00","#00A89E",27,17,4,0,28
"573e4d0eb795b","objTwoColors","#B100FF","282.39130434782606","NONE",228,17,4,0,14
"573e4d0eb795b","objTwoColors","#6C00FF","262.82608695652175","NONE",180,30,4,0,7
"573e4d0eb795b","objTwoColors","#B100FF","274.5652173913044","NONE",82,26,4,0,4
"573e4d0eb795b","twoColorsObj","#0000FF","#00FFFF","#00FF6B",19,5,4,0,29
"573e4d0eb795b","objTwoColors","#FF0000","4.565217391304348","NONE",21,6,4,0,8
"573e4d0eb795b","objTwoColors","#FF7200","28.043478260869566","30",88,72,5,0,11
"573e4d0eb795b","objTwoColors","#0000FF","239.02173913043478","236.08695652173913",218,115,4,0,13
"573e4d0eb795b","objTwoColors","#00FF9A","240.65217391304347","53.47826086956522",355,47,5,0,9
"573e4d0eb795b","objTwoColors","#FF7200","7.173913043478261","NONE",100,52,3,0,6
"573ec4275ba17","objTwoColors","#FF007A","","2.608695652173913",1,17,3,0,16
"573ec4275ba17","twoColorsObj","#00FF00","#0000FF","#6500FF",270,36,3,0,20
"573ec4275ba17","objTwoColors","#0000FF","227.28260869565216","220.43478260869566",421,38,3,0,13
"573ec4275ba17","objTwoColors","#FF007A","50.21739130434783","303.9130434782609",184,19,4,0,5
"573ec4275ba17","objTwoColors","#FF0000","7.173913043478261","5.217391304347826",383,39,3,0,8
"573ec4275ba17","objTwoColors","#FF7200","5.869565217391305","49.56521739130435",48,7,3,0,11
"573ec4275ba17","twoColorsObj","#00FF00","#CBFF00","#768F00",172,35,3,0,28
"573ec4275ba17","objTwoColors","#FF00FF","321.52173913043475","272.60869565217394",439,30,3,0,2
"573ec4275ba17","objTwoColors","#00FF00","107.93478260869566","140.2173913043478",416,40,3,0,17
"573ec4275ba17","twoColorsObj","#0000FF","#00FFFF","#008DF8",22,6,3,0,29
"573ec4275ba17","twoColorsObj","#00FF00","#FF00FF","#6500FF",120,11,4,0,27
"573ec4275ba17","objTwoColors","#FF7200","7.173913043478261","56.08695652173913",82,10,3,0,6
"573ec4275ba17","twoColorsObj","#FF0000","#0000FF","#9700FF",144,13,3,0,19
"573ec4275ba17","twoColorsObj","#FF0000","#00FFFF","#9C0083",169,17,3,0,21
"573ec4275ba17","objTwoColors","#6C00FF","325.4347826086956","322.17391304347825",119,16,3,0,7
"573ec4275ba17","objTwoColors","#00FF9A","0.6521739130434783","120.65217391304347",108,6,4,0,15
"573ec4275ba17","objTwoColors","#00FF00","88.36956521739131","83.47826086956522",217,14,4,0,12
"573ec4275ba17","objTwoColors","#B100FF","72.71739130434783","230.21739130434784",258,26,5,0,14
"573ec4275ba17","twoColorsObj","#00FF00","#00FFFF","#00B146",50,17,4,0,26
"573ec4275ba17","twoColorsObj","#00FFFF","#CBFF00","#00FF98",54,6,4,0,32
"573ec4275ba17","twoColorsObj","#0000FF","#FF00FF","#3F0091",129,11,3,0,30
"573ec4275ba17","twoColorsObj","#00FFFF","#FF00FF","#8342FF",168,19,4,0,24
"573ec4275ba17","twoColorsObj","#FF0000","#FF00FF","#6500FF",137,10,3,0,22
"573ec4275ba17","objTwoColors","#00FF9A","201.84782608695653","NONE",297,28,3,0,9
"573ec4275ba17","objTwoColors","#CEFF00","55.43478260869565","81.52173913043478",223,16,3,0,1
"573ec4275ba17","objTwoColors","#00FF00","215.54347826086956","56.08695652173913",391,32,3,0,3
"573ec4275ba17","objTwoColors","#0000FF","197.93478260869566","222.3913043478261",81,9,3,0,10
"573ec4275ba17","twoColorsObj","#0000FF","#CBFF00","#00FF9C",54,8,3,0,31
"573ec4275ba17","twoColorsObj","#FF0000","#00FF00","#B000FF",353,35,2,0,18
"573ec4275ba17","twoColorsObj","#FF0000","#CBFF00","#D4B900",690,35,3,0,23
"573ec4275ba17","objTwoColors","#B100FF","5.869565217391305","247.82608695652172",201,26,3,0,4
"573ec4275ba17","twoColorsObj","#FF00FF","#CBFF00","#E26AA4",272,39,4,0,25
"573edae85268b","twoColorsObj","#00FFFF","#FF00FF","#B000FF",894,168,3,0,24
"573edae85268b","twoColorsObj","#FF0000","#CBFF00","#B00084",1502,194,3,0,23
"573edae85268b","objTwoColors","#0000FF","237.06521739130434","NONE",2622,364,2,0,10
"573edae85268b","twoColorsObj","#FF00FF","#CBFF00","#008788",593,86,4,0,25
"573edae85268b","objTwoColors","#00FF9A","244.56521739130434","57.391304347826086",309,43,4,0,9
"573edae85268b","twoColorsObj","#FF0000","#00FFFF","#F500FF",649,68,3,0,21
"573edae85268b","objTwoColors","#6C00FF","241.95652173913044","319.5652173913044",1074,92,3,0,7
"573edae85268b","twoColorsObj","#0000FF","#FF00FF","#9700FF",196,25,4,0,30
"573edae85268b","objTwoColors","#CEFF00","58.04347826086956","97.17391304347825",245,18,5,0,1
"573edae85268b","objTwoColors","#00FF00","178.3695652173913","58.69565217391305",768,96,3,0,12
"573edae85268b","objTwoColors","#FF007A","359.34782608695656","319.5652173913044",709,47,4,0,5
"573edae85268b","objTwoColors","#B100FF","229.23913043478262","300",171,14,4,0,14
"573edae85268b","objTwoColors","#00FF00","241.95652173913044","57.391304347826086",224,20,5,0,17
"573edae85268b","twoColorsObj","#00FF00","#00FFFF","#00FFC0",515,48,4,0,26
"573edae85268b","twoColorsObj","#0000FF","#00FFFF","#0087FF",386,48,4,0,29
"573edae85268b","twoColorsObj","#FF0000","#0000FF","#9C0083",452,38,3,0,19
"573edae85268b","objTwoColors","#FF007A","358.04347826086956","300",383,39,3,0,16
"573edae85268b","twoColorsObj","#00FF00","#CBFF00","#00FFC0",544,56,4,0,28
"573edae85268b","twoColorsObj","#0000FF","#CBFF00","#00A89E",711,54,3,0,31
"573edae85268b","objTwoColors","#0000FF","237.06521739130434","NONE",88,13,3,0,13
"573edae85268b","objTwoColors","#FF7200","1.9565217391304348","44.347826086956516",103,13,4,0,6
"573edae85268b","objTwoColors","#00FF00","235.1086956521739","58.69565217391305",162,19,4,0,3
"573edae85268b","objTwoColors","#FF7200","1.9565217391304348","43.04347826086956",228,18,4,0,11
"573edae85268b","twoColorsObj","#FF0000","#00FF00","#B000FF",1140,85,2,0,18
"573edae85268b","objTwoColors","#B100FF","8.478260869565217","128.47826086956522",135,16,4,0,4
"573edae85268b","twoColorsObj","#FF0000","#FF00FF","#B000FF",315,35,3,0,22
"573edae85268b","twoColorsObj","#00FF00","#0000FF","#006C84",332,26,2,0,20
"573edae85268b","twoColorsObj","#00FF00","#FF00FF","#9700FF",466,36,2,0,27
"573edae85268b","twoColorsObj","#00FFFF","#CBFF00","#00FF00",47,8,4,0,32
"573edae85268b","objTwoColors","#00FF9A","78.58695652173913","146.08695652173913",496,26,4,0,15
"573edae85268b","objTwoColors","#FF00FF","11.086956521739129","272.60869565217394",166,12,4,0,2
"573edae85268b","objTwoColors","#FF0000","3.260869565217391","NONE",1064,71,4,0,8
"5740a8b59d448","twoColorsObj","#FF0000","#00FF00","#978900",905,56,3,0,18
"5740a8b59d448","twoColorsObj","#FF0000","#00FFFF","#B000FF",386,31,4,0,21
"5740a8b59d448","objTwoColors","#6C00FF","232.17391304347825","300",810,52,3,0,7
"5740a8b59d448","twoColorsObj","#00FF00","#CBFF00","#00FF6B",572,33,3,0,28
"5740a8b59d448","twoColorsObj","#00FF00","#00FFFF","#00A89E",205,14,3,0,26
"5740a8b59d448","twoColorsObj","#0000FF","#CBFF00","#51DF00",523,27,4,0,31
"5740a8b59d448","twoColorsObj","#00FFFF","#FF00FF","#8342FF",189,10,4,0,24
"5740a8b59d448","twoColorsObj","#FF00FF","#CBFF00","#E8A362",889,44,3,0,25
"5740a8b59d448","objTwoColors","#FF0000","NONE","331.95652173913044",621,33,4,0,8
"5740a8b59d448","objTwoColors","#FF7200","5.217391304347826","55.43478260869565",80,15,5,0,11
"5740a8b59d448","objTwoColors","#00FF00","54.78260869565217","184.23913043478262",185,17,5,0,17
"5740a8b59d448","twoColorsObj","#FF0000","#FF00FF","#AE004F",437,21,3,0,22
"5740a8b59d448","objTwoColors","#FF00FF","285.6521739130435","NONE",225,21,5,0,2
"5740a8b59d448","objTwoColors","#00FF9A","130.43478260869566","NONE",531,19,5,0,15
"5740a8b59d448","twoColorsObj","#FF0000","#0000FF","#9200FF",399,21,3,0,19
"5740a8b59d448","twoColorsObj","#00FF00","#FF00FF","#978900",173,19,3,0,27
"5740a8b59d448","objTwoColors","#B100FF","3.9130434782608696","213.58695652173913",115,13,4,0,4
"5740a8b59d448","twoColorsObj","#00FFFF","#CBFF00","#51DF00",256,20,3,0,32
"5740a8b59d448","twoColorsObj","#FF0000","#CBFF00","#E8A362",299,16,3,0,23
"5740a8b59d448","twoColorsObj","#0000FF","#00FFFF","#006C84",705,35,4,0,29
"5740a8b59d448","objTwoColors","#FF7200","2.608695652173913","56.73913043478261",60,18,5,0,6
"5740a8b59d448","twoColorsObj","#00FF00","#0000FF","#008788",907,53,2,0,20
"5740a8b59d448","objTwoColors","#0000FF","249.1304347826087","NONE",209,16,3,0,10
"5740a8b59d448","objTwoColors","#00FF9A","136.30434782608697","NONE",186,11,3,0,9
"5740a8b59d448","twoColorsObj","#0000FF","#FF00FF","#9700FF",176,11,4,0,30
"5740a8b59d448","objTwoColors","#00FF00","193.04347826086956","55.43478260869565",114,10,5,0,12
"5740a8b59d448","objTwoColors","#FF007A","6.521739130434782","NONE",22,40,5,0,5
"5740a8b59d448","objTwoColors","#CEFF00","151.95652173913044","56.73913043478261",912,72,2,0,1
"5740a8b59d448","objTwoColors","#0000FF","234.1304347826087","NONE",77,8,4,0,13
"5740a8b59d448","objTwoColors","#00FF00","58.69565217391305","186.19565217391306",100,12,5,0,3
"5740a8b59d448","objTwoColors","#B100FF","9.130434782608695","227.28260869565216",93,9,4,0,14
"5740a8b59d448","objTwoColors","#FF007A","3.9130434782608696","NONE",12,6,5,0,16
"5740ad339507d","objTwoColors","#FF0000","275.21739130434787","54.130434782608695",584,54,2,0,8
"5740ad339507d","twoColorsObj","#0000FF","#FF00FF","#9200FF",174,16,4,0,30
"5740ad339507d","objTwoColors","#0000FF","183.26086956521738","288.9130434782609",218,17,3,0,13
"5740ad339507d","objTwoColors","#CEFF00","54.78260869565217","NONE",38,10,3,0,1
"5740ad339507d","objTwoColors","#B100FF","6.521739130434782","233.15217391304347",77,10,2,0,4
"5740ad339507d","objTwoColors","#B100FF","5.217391304347826","217.5",89,10,3,0,14
"5740ad339507d","objTwoColors","#FF00FF","10.434782608695652","54.130434782608695",67,11,3,0,2
"5740ad339507d","twoColorsObj","#0000FF","#CBFF00","#00FF9C",47,6,3,0,31
"5740ad339507d","twoColorsObj","#00FFFF","#CBFF00","#4CDB95",117,12,3,0,32
"5740ad339507d","twoColorsObj","#00FFFF","#FF00FF","#978900",287,16,2,0,24
"5740ad339507d","twoColorsObj","#FF0000","#00FF00","#D9FF00",273,24,3,0,18
"5740ad339507d","twoColorsObj","#FF0000","#FF00FF","#8342FF",179,15,3,0,22
"5740ad339507d","twoColorsObj","#FF0000","#CBFF00","#9C0083",253,20,3,0,23
"5740ad339507d","twoColorsObj","#00FF00","#CBFF00","#6500FF",475,23,3,0,28
"5740ad339507d","objTwoColors","#FF007A","346.95652173913044","NONE",111,11,2,0,16
"5740ad339507d","twoColorsObj","#FF0000","#0000FF","#3F0091",83,7,3,0,19
"5740ad339507d","twoColorsObj","#00FF00","#0000FF","#D9FF00",238,15,3,0,20
"5740ad339507d","twoColorsObj","#0000FF","#00FFFF","#6500FF",195,14,2,0,29
"5740ad339507d","twoColorsObj","#00FF00","#00FFFF","#008788",14,7,3,0,26
"5740ad339507d","objTwoColors","#FF7200","6.521739130434782","NONE",5,5,3,0,11
"5740ad339507d","objTwoColors","#00FF9A","116.73913043478262","NONE",136,10,3,0,15
"5740ad339507d","objTwoColors","#00FF00","228.26086956521738","66.84782608695652",205,14,3,0,17
"5740ad339507d","objTwoColors","#0000FF","116.73913043478262","52.82608695652174",348,34,3,0,10
"5740ad339507d","twoColorsObj","#00FF00","#FF00FF","#006C84",14,6,3,0,27
"5740ad339507d","objTwoColors","#FF007A","6.521739130434782","NONE",12,5,2,0,5
"5740ad339507d","twoColorsObj","#FF0000","#00FFFF","#9700FF",154,16,3,0,21
"5740ad339507d","twoColorsObj","#FF00FF","#CBFF00","#00FFFF",134,14,3,0,25
"5740ad339507d","objTwoColors","#00FF00","202.82608695652175","56.73913043478261",101,10,4,0,12
"5740ad339507d","objTwoColors","#00FF9A","206.73913043478262","58.04347826086956",94,10,4,0,9
"5740ad339507d","objTwoColors","#6C00FF","2.608695652173913","203.80434782608697",61,9,4,0,7
"5740ad339507d","objTwoColors","#00FF00","218.47826086956525","58.04347826086956",116,10,4,0,3
"5740ad339507d","objTwoColors","#FF7200","5.217391304347826","NONE",24,6,3,0,6
"5740b0f8e9734","objTwoColors","#6C00FF","316.95652173913044","192.06521739130434",287,31,5,0,7
"5740b0f8e9734","objTwoColors","#FF00FF","300","NONE",514,56,5,0,2
"5740b0f8e9734","twoColorsObj","#00FF00","#0000FF","#978900",342,24,4,0,20
"5740b0f8e9734","objTwoColors","#0000FF","228.26086956521738","NONE",52,13,5,0,10
"5740b0f8e9734","twoColorsObj","#00FF00","#00FFFF","#008788",45,12,5,0,26
"5740b0f8e9734","objTwoColors","#CEFF00","71.73913043478261","NONE",358,51,5,0,1
"5740b0f8e9734","twoColorsObj","#FF0000","#00FF00","#9C0083",821,68,3,0,18
"5740b0f8e9734","twoColorsObj","#00FFFF","#CBFF00","#008788",70,13,4,0,32
"5740b0f8e9734","objTwoColors","#00FF00","130.43478260869566","NONE",272,23,5,0,17
"5740b0f8e9734","objTwoColors","#00FF9A","155.8695652173913","NONE",345,30,5,0,9
"5740b0f8e9734","objTwoColors","#FF0000","5.217391304347826","NONE",46,8,5,0,8
"5740b0f8e9734","twoColorsObj","#FF0000","#CBFF00","#9C0083",698,50,3,0,23
"5740b0f8e9734","objTwoColors","#00FF9A","151.95652173913044","NONE",347,25,4,0,15
"5740b0f8e9734","objTwoColors","#B100FF","281.7391304347826","NONE",177,36,4,0,4
"5740b0f8e9734","objTwoColors","#00FF00","136.30434782608697","NONE",330,64,4,0,3
"5740b0f8e9734","objTwoColors","#00FF00","114.78260869565219","NONE",65,16,4,0,12
"5740b0f8e9734","objTwoColors","#6C00FF","263.47826086956525","NONE",165,17,5,0,7
"5740b0f8e9734","objTwoColors","#B100FF","279.1304347826087","NONE",123,11,5,0,14
"5740b0f8e9734","objTwoColors","#FF7200","27.391304347826086","NONE",40,10,4,0,6
"5740b0f8e9734","twoColorsObj","#00FF00","#CBFF00","#978900",129,13,5,0,28
"5740b0f8e9734","objTwoColors","#0000FF","222.3913043478261","NONE",65,18,4,0,13
"5740b0f8e9734","twoColorsObj","#FF0000","#00FFFF","#AE004F",147,16,4,0,21
"5740b0f8e9734","twoColorsObj","#FF0000","#FF00FF","#9C0083",137,18,4,0,22
"5740b0f8e9734","objTwoColors","#FF007A","328.69565217391306","NONE",78,17,4,0,5
"5740b0f8e9734","twoColorsObj","#0000FF","#FF00FF","#9700FF",62,12,4,0,30
"5740b0f8e9734","objTwoColors","#FF7200","26.08695652173913","NONE",17,7,5,0,11
"5740b0f8e9734","objTwoColors","#FF007A","331.30434782608694","NONE",61,13,4,0,16
"5740b0f8e9734","twoColorsObj","#0000FF","#CBFF00","#00A89E",60,15,4,0,31
"5740b0f8e9734","twoColorsObj","#FF0000","#0000FF","#9C0083",107,10,5,0,19
"5740b0f8e9734","twoColorsObj","#0000FF","#00FFFF","#0070FF",697,71,4,0,29
"5740b0f8e9734","twoColorsObj","#FF00FF","#CBFF00","#9C0083",124,18,4,0,25
"5740b0f8e9734","twoColorsObj","#00FF00","#FF00FF","#9C0083",596,40,5,0,27
"5740b0f8e9734","twoColorsObj","#00FFFF","#FF00FF","#9700FF",171,18,5,0,24
"5740b686127bb","objTwoColors","#FF007A","340.4347826086956","292.82608695652175",245,26,3,0,16
"5740b686127bb","objTwoColors","#FF007A","333.9130434782609","298.04347826086956",372,55,3,0,5
"5740b686127bb","twoColorsObj","#FF0000","#0000FF","#00FF77",47,7,4,0,19
"5740b686127bb","objTwoColors","#FF7200","2.608695652173913","56.73913043478261",55,11,5,0,11
"5740b686127bb","twoColorsObj","#00FFFF","#CBFF00","#00FF00",115,12,4,0,32
"5740b686127bb","objTwoColors","#00FF9A","167.60869565217394","58.04347826086956",127,22,4,0,15
"5740b686127bb","twoColorsObj","#FF00FF","#CBFF00","#E8A362",792,80,2,0,25
"5740b686127bb","twoColorsObj","#00FF00","#CBFF00","#00FF6B",223,33,2,0,28
"5740b686127bb","objTwoColors","#6C00FF","234.1304347826087","311.0869565217391",204,17,4,0,7
"5740b686127bb","twoColorsObj","#FF0000","#00FFFF","#6500FF",141,15,4,0,21
"5740b686127bb","objTwoColors","#FF00FF","320.8695652173913","203.80434782608697",264,29,3,0,2
"5740b686127bb","objTwoColors","#B100FF","212.60869565217394","308.47826086956525",142,27,4,0,14
"5740b686127bb","objTwoColors","#00FF00","159.78260869565216","51.52173913043478",77,13,3,0,12
"5740b686127bb","objTwoColors","#FF7200","2.608695652173913","51.52173913043478",192,20,5,0,6
"5740b686127bb","twoColorsObj","#0000FF","#CBFF00","#008788",87,19,5,0,31
"5740b686127bb","objTwoColors","#FF0000","23.47826086956522","11.086956521739129",24,253,3,0,8
"5740b686127bb","twoColorsObj","#0000FF","#FF00FF","#3F0091",114,11,4,0,30
"5740b686127bb","twoColorsObj","#00FF00","#FF00FF","#768F00",167,27,4,0,27
"5740b686127bb","objTwoColors","#B100FF","210.65217391304347","328.04347826086956",172,30,4,0,4
"5740b686127bb","twoColorsObj","#FF0000","#FF00FF","#9C0083",206,46,3,0,22
"5740b686127bb","twoColorsObj","#00FF00","#00FFFF","#00B146",70,17,4,0,26
"5740b686127bb","objTwoColors","#CEFF00","50.869565217391305","64.8913043478261",829,101,2,0,1
"5740b686127bb","twoColorsObj","#00FFFF","#FF00FF","#6500FF",138,17,4,0,24
"5740b686127bb","twoColorsObj","#FF0000","#CBFF00","#E8A362",272,17,4,0,23
"5740b686127bb","objTwoColors","#00FF00","173.47826086956522","139.2391304347826",210,26,5,0,17
"5740b686127bb","twoColorsObj","#FF0000","#00FF00","#978900",120,31,4,0,18
"5740b686127bb","objTwoColors","#0000FF","214.56521739130434","253.69565217391303",875,88,3,0,10
"5740b686127bb","twoColorsObj","#0000FF","#00FFFF","#0087FF",18,5,4,0,29
"5740b686127bb","twoColorsObj","#00FF00","#0000FF","#008788",35,7,4,0,20
"5740b686127bb","objTwoColors","#0000FF","234.1304347826087","231.19565217391303",185,28,4,0,13
"5740b686127bb","objTwoColors","#00FF9A","202.82608695652175","88.36956521739131",196,26,3,0,9
"5740b686127bb","objTwoColors","#00FF00","58.69565217391305","147.06521739130434",180,15,4,0,3
"5740bda9be3dc","objTwoColors","#00FF00","56.08695652173913","205.76086956521738",127,53,4,0,12
"5740bda9be3dc","twoColorsObj","#00FF00","#00FFFF","#EFFF00",282,42,5,0,26
"5740bda9be3dc","twoColorsObj","#FF0000","#00FF00","#998077",314,45,5,0,18
"5740bda9be3dc","twoColorsObj","#FF00FF","#CBFF00","#E26AA4",1266,264,2,0,25
"5740bda9be3dc","twoColorsObj","#00FFFF","#CBFF00","#00FFC0",94,40,4,0,32
"5740bda9be3dc","twoColorsObj","#FF0000","#FF00FF","#9C0083",170,48,4,0,22
"5740bda9be3dc","twoColorsObj","#FF0000","#CBFF00","#998077",202,28,5,0,23
"5740bda9be3dc","objTwoColors","#FF0000","7.826086956521739","NONE",225,32,5,0,8
"5740bda9be3dc","twoColorsObj","#00FF00","#CBFF00","#74FF88",764,84,5,0,28
"5740bda9be3dc","objTwoColors","#FF00FF","320.8695652173913","316.30434782608694",675,116,5,0,2
"5740bda9be3dc","objTwoColors","#FF7200","9.130434782608695","50.21739130434783",45,22,5,1,11
"5740bda9be3dc","twoColorsObj","#FF0000","#00FFFF","#998077",547,114,5,0,21
"5740bda9be3dc","objTwoColors","#FF007A","322.17391304347825","330.6521739130435",186,43,5,0,5
"5740bda9be3dc","objTwoColors","#00FF9A","65.86956521739131","188.1521739130435",458,68,5,0,15
"5740bda9be3dc","objTwoColors","#0000FF","222.3913043478261","215.54347826086956",84,20,5,0,10
"5740bda9be3dc","objTwoColors","#0000FF","226.30434782608697","227.28260869565216",120,14,5,0,13
"5740bda9be3dc","objTwoColors","#FF007A","341.7391304347826","305.8695652173913",363,61,5,0,16
"5740bda9be3dc","twoColorsObj","#00FF00","#FF00FF","#CDB196",257,63,5,0,27
"5740bda9be3dc","twoColorsObj","#00FF00","#0000FF","#768F00",372,40,5,0,20
"5740bda9be3dc","twoColorsObj","#FF0000","#0000FF","#AE004F",1236,164,4,0,19
"5740bda9be3dc","twoColorsObj","#0000FF","#FF00FF","#9C0083",254,55,5,0,30
"5740bda9be3dc","twoColorsObj","#00FFFF","#FF00FF","#9C66C4",305,44,5,0,24
"5740bda9be3dc","twoColorsObj","#0000FF","#00FFFF","#0087FF",403,46,5,0,29
"5740bda9be3dc","twoColorsObj","#0000FF","#CBFF00","#51DF00",300,24,5,0,31
"5740bda9be3dc","objTwoColors","#CEFF00","73.69565217391305","88.36956521739131",325,30,5,0,1
"5740bda9be3dc","objTwoColors","#FF7200","1.3043478260869565","56.73913043478261",42,15,5,0,6
"5740bda9be3dc","objTwoColors","#B100FF","335.2173913043478","215.54347826086956",249,38,5,0,14
"5740bda9be3dc","objTwoColors","#00FF9A","56.08695652173913","188.1521739130435",107,21,5,0,9
"5740bda9be3dc","objTwoColors","#00FF00","56.08695652173913","197.93478260869566",111,17,5,0,17
"5740bda9be3dc","objTwoColors","#6C00FF","262.17391304347825","227.28260869565216",224,26,5,0,7
"5740bda9be3dc","objTwoColors","#00FF00","57.391304347826086","186.19565217391306",105,15,5,0,3
"5740bda9be3dc","objTwoColors","#B100FF","318.2608695652174","209.67391304347825",380,78,5,0,4
"5740e3f36a945","objTwoColors","#00FF00","256.95652173913044","54.130434782608695",222,29,2,0,12
"5740e3f36a945","twoColorsObj","#FF0000","#00FFFF","#3F0091",109,14,1,0,21
"5740e3f36a945","objTwoColors","#00FF9A","255.65217391304344","56.73913043478261",286,29,2,0,9
"5740e3f36a945","objTwoColors","#FF0000","353.47826086956525","NONE",128,15,3,0,8
"5740e3f36a945","objTwoColors","#FF7200","2.608695652173913","NONE",1,7,3,0,11
"5740e3f36a945","objTwoColors","#FF007A","3.9130434782608696","NONE",3,9,2,0,5
"5740e3f36a945","twoColorsObj","#0000FF","#FF00FF","#3F0091",115,26,2,0,30
"5740e3f36a945","objTwoColors","#FF00FF","301.304347826087","NONE",320,66,2,0,2
"5740e3f36a945","objTwoColors","#6C00FF","240","307.17391304347825",251,42,2,0,7
"5740e3f36a945","twoColorsObj","#00FFFF","#FF00FF","#6500FF",145,27,2,0,24
"5740e3f36a945","objTwoColors","#B100FF","279.1304347826087","NONE",202,27,3,0,4
"5740e3f36a945","objTwoColors","#00FF9A","153.91304347826087","NONE",45,23,3,0,15
"5740e3f36a945","objTwoColors","#CEFF00","75.65217391304348","NONE",139,26,2,0,1
"5740e3f36a945","objTwoColors","#0000FF","216.52173913043475","NONE",79,17,2,0,10
"5740e3f36a945","twoColorsObj","#00FFFF","#CBFF00","#00B146",80,21,2,0,32
"5740e3f36a945","objTwoColors","#00FF00","97.17391304347825","NONE",154,19,2,0,3
"5740e3f36a945","objTwoColors","#FF007A","330","NONE",512,50,3,0,16
"5740e3f36a945","twoColorsObj","#FF0000","#0000FF","#008788",447,70,2,0,19
"5740e3f36a945","objTwoColors","#B100FF","280.4347826086956","NONE",196,17,3,0,14
"5740e3f36a945","twoColorsObj","#FF00FF","#CBFF00","#008788",17,11,2,0,25
"5740e3f36a945","twoColorsObj","#0000FF","#CBFF00","#00A89E",41,14,2,0,31
"5740e3f36a945","twoColorsObj","#00FF00","#CBFF00","#BFBE00",258,52,1,0,28
"5740e3f36a945","objTwoColors","#FF7200","28.695652173913043","NONE",30,8,3,0,6
"5740e3f36a945","objTwoColors","#0000FF","224.34782608695653","NONE",80,18,3,0,13
"5740e3f36a945","objTwoColors","#00FF00","93.26086956521739","NONE",152,22,3,0,17
"5740e3f36a945","twoColorsObj","#FF0000","#FF00FF","#9200FF",184,32,2,0,22
"5740e3f36a945","twoColorsObj","#FF0000","#CBFF00","#768F00",173,36,2,0,23
"5740e3f36a945","twoColorsObj","#00FF00","#0000FF","#006C84",390,52,2,0,20
"5740e3f36a945","twoColorsObj","#00FF00","#00FFFF","#008788",28,14,1,0,26
"5740e3f36a945","twoColorsObj","#00FF00","#FF00FF","#978900",589,117,1,0,27
"5740e3f36a945","twoColorsObj","#FF0000","#00FF00","#006C84",458,75,1,0,18
"5740e3f36a945","twoColorsObj","#0000FF","#00FFFF","#006C84",378,62,1,0,29
"574859b8f3379","objTwoColors","#FF0000","1.3043478260869565","NONE",552,144,1,0,8
"574859b8f3379","objTwoColors","#00FF9A","183.26086956521738","51.52173913043478",121,22,4,0,15
"574859b8f3379","twoColorsObj","#00FFFF","#FF00FF","#9C66C4",2389,138,2,0,24
"574859b8f3379","twoColorsObj","#00FF00","#0000FF","#D9FF00",438,51,4,0,20
"574859b8f3379","objTwoColors","#6C00FF","242.6086956521739","285",460,45,3,0,7
"574859b8f3379","objTwoColors","#B100FF","302.60869565217394","256.304347826087",755,58,3,0,4
"574859b8f3379","twoColorsObj","#0000FF","#00FFFF","#008DF8",344,26,3,0,29
"574859b8f3379","objTwoColors","#FF7200","7.826086956521739","59.347826086956516",78,10,5,0,6
"574859b8f3379","twoColorsObj","#FF0000","#00FFFF","#B000FF",463,33,3,0,21
"574859b8f3379","objTwoColors","#FF00FF","280.4347826086956","331.95652173913044",1022,85,3,0,2
"574859b8f3379","twoColorsObj","#FF0000","#00FF00","#BFBE00",754,68,4,0,18
"574859b8f3379","objTwoColors","#FF007A","358.695652173913","190.10869565217394",600,52,3,0,16
"574859b8f3379","objTwoColors","#FF007A","352.17391304347825","195.97826086956522",190,17,3,0,5
"574859b8f3379","objTwoColors","#0000FF","232.17391304347825","NONE",113,17,2,0,13
"574859b8f3379","objTwoColors","#CEFF00","1.3043478260869565","123.58695652173913",245,26,4,0,1
"574859b8f3379","twoColorsObj","#FF0000","#CBFF00","#978900",878,50,3,0,23
"574859b8f3379","twoColorsObj","#00FF00","#FF00FF","#3F0091",395,44,3,0,27
"574859b8f3379","objTwoColors","#0000FF","230.21739130434784","NONE",60,10,1,0,10
"574859b8f3379","twoColorsObj","#FF0000","#FF00FF","#F5007E",222,29,3,0,22
"574859b8f3379","objTwoColors","#00FF00","195","51.52173913043478",105,11,4,0,3
"574859b8f3379","objTwoColors","#00FF00","198.91304347826087","64.8913043478261",157,12,4,0,12
"574859b8f3379","objTwoColors","#FF7200","354.78260869565213","55.43478260869565",401,25,4,0,11
"574859b8f3379","twoColorsObj","#0000FF","#CBFF00","#00B146",82,8,4,0,31
"574859b8f3379","twoColorsObj","#00FF00","#00FFFF","#008788",23,42,3,0,26
"574859b8f3379","twoColorsObj","#00FFFF","#CBFF00","#33E000",133,9,4,0,32
"574859b8f3379","twoColorsObj","#FF0000","#0000FF","#9200FF",81,8,4,0,19
"574859b8f3379","twoColorsObj","#0000FF","#FF00FF","#8342FF",257,32,3,0,30
"574859b8f3379","objTwoColors","#B100FF","243.91304347826087","304.5652173913043",348,19,3,0,14
"574859b8f3379","twoColorsObj","#00FF00","#CBFF00","#768F00",792,58,1,0,28
"574859b8f3379","twoColorsObj","#FF00FF","#CBFF00","#AE004F",719,76,2,0,25
"574859b8f3379","objTwoColors","#00FF9A","99.1304347826087","186.19565217391306",334,32,3,0,9
"574859b8f3379","objTwoColors","#00FF00","195","62.93478260869565",275,29,4,0,17
"5756ab1701ba0","objTwoColors","#00FF00","58.04347826086956","210.65217391304347",142,19,5,0,3
"5756ab1701ba0","twoColorsObj","#00FF00","#00FFFF","#D9FF00",291,18,5,0,26
"5756ab1701ba0","objTwoColors","#00FF00","209.67391304347825","73.69565217391305",162,18,4,0,12
"5756ab1701ba0","twoColorsObj","#00FFFF","#FF00FF","#B00084",187,17,5,0,24
"5756ab1701ba0","objTwoColors","#FF7200","3.260869565217391","69.78260869565217",199,14,5,0,11
"5756ab1701ba0","objTwoColors","#CEFF00","188.1521739130435","140.2173913043478",190,13,5,0,1
"5756ab1701ba0","twoColorsObj","#FF00FF","#CBFF00","#AE004F",664,37,3,0,25
"5756ab1701ba0","objTwoColors","#00FF9A","NONE","144.13043478260872",278,17,4,0,9
"5756ab1701ba0","twoColorsObj","#00FFFF","#CBFF00","#00FF00",55,7,5,0,32
"5756ab1701ba0","objTwoColors","#B100FF","180.32608695652175","300",261,22,4,0,4
"5756ab1701ba0","objTwoColors","#FF007A","7.173913043478261","300",360,23,3,0,5
"5756ab1701ba0","twoColorsObj","#00FF00","#CBFF00","#0087FF",32,6,4,0,28
"5756ab1701ba0","twoColorsObj","#FF0000","#0000FF","#B00084",120,9,4,0,19
"5756ab1701ba0","twoColorsObj","#FF0000","#FF00FF","#9C0083",69,6,4,0,22
"5756ab1701ba0","objTwoColors","#B100FF","300","236.08695652173913",705,45,4,0,14
"5756ab1701ba0","objTwoColors","#0000FF","58.04347826086956","144.13043478260872",192,12,5,0,10
"5756ab1701ba0","objTwoColors","#00FF00","56.73913043478261","228.26086956521738",84,7,5,0,17
"5756ab1701ba0","objTwoColors","#FF0000","308.47826086956525","58.69565217391305",388,39,5,0,8
"5756ab1701ba0","twoColorsObj","#FF0000","#CBFF00","#B000FF",161,8,4,0,23
"5756ab1701ba0","objTwoColors","#0000FF","58.04347826086956","132.3913043478261",237,16,5,0,13
"5756ab1701ba0","twoColorsObj","#00FF00","#0000FF","#D9FF00",289,16,5,0,20
"5756ab1701ba0","objTwoColors","#00FF9A","1.9565217391304348","93.26086956521739",134,10,5,0,15
"5756ab1701ba0","objTwoColors","#FF7200","NONE","19.565217391304348",39,9,4,0,6
"5756ab1701ba0","objTwoColors","#FF007A","342.3913043478261","NONE",217,10,5,0,16
"5756ab1701ba0","twoColorsObj","#0000FF","#CBFF00","#00FF00",38,5,4,0,31
"5756ab1701ba0","twoColorsObj","#00FF00","#FF00FF","#998077",901,73,2,0,27
"5756ab1701ba0","twoColorsObj","#0000FF","#FF00FF","#9C0083",176,12,5,0,30
"5756ab1701ba0","objTwoColors","#6C00FF","56.73913043478261","112.82608695652175",155,13,5,0,7
"5756ab1701ba0","objTwoColors","#FF00FF","1.9565217391304348","322.17391304347825",85,9,5,0,2
"5756ab1701ba0","twoColorsObj","#0000FF","#00FFFF","#008DF8",19,4,5,0,29
"5756ab1701ba0","twoColorsObj","#FF0000","#00FFFF","#E26AA4",350,29,4,0,21
"5756ab1701ba0","twoColorsObj","#FF0000","#00FF00","#768F00",105,8,3,0,18
"5756ae6897296","objTwoColors","#FF0000","249.78260869565216","297.39130434782606",589,44,5,0,8
"5756ae6897296","objTwoColors","#FF7200","59.347826086956516","37.82608695652174",424,35,4,0,11
"5756ae6897296","twoColorsObj","#FF0000","#FF00FF","#F5007E",187,25,4,0,22
"5756ae6897296","objTwoColors","#CEFF00","0.6521739130434783","24.782608695652176",25,8,5,0,1
"5756ae6897296","objTwoColors","#0000FF","56.73913043478261","159.78260869565216",440,41,4,0,13
"5756ae6897296","objTwoColors","#FF00FF","231.19565217391303","280.4347826086956",344,29,4,0,2
"5756ae6897296","objTwoColors","#00FF00","54.130434782608695","163.69565217391306",350,27,4,0,3
"5756ae6897296","objTwoColors","#B100FF","4.565217391304348","322.17391304347825",737,59,4,0,14
"5756ae6897296","twoColorsObj","#FF0000","#0000FF","#998077",524,31,4,0,19
"5756ae6897296","objTwoColors","#00FF9A","59.347826086956516","179.3478260869565",112,17,4,0,9
"5756ae6897296","twoColorsObj","#FF0000","#CBFF00","#E8A362",278,18,4,0,23
"5756ae6897296","twoColorsObj","#00FF00","#0000FF","#00FFFF",128,15,5,0,20
"5756ae6897296","objTwoColors","#FF007A","54.130434782608695","300",406,31,4,0,5
"5756ae6897296","twoColorsObj","#FF0000","#00FF00","#978900",206,21,5,0,18
"5756ae6897296","twoColorsObj","#0000FF","#CBFF00","#00FFFF",119,10,4,0,31
"5756ae6897296","twoColorsObj","#00FFFF","#CBFF00","#00FF77",190,17,4,0,32
"5756ae6897296","twoColorsObj","#00FF00","#CBFF00","#00FFC0",113,13,4,0,28
"5756ae6897296","objTwoColors","#00FF00","66.84782608695652","183.26086956521738",281,27,4,0,17
"5756ae6897296","twoColorsObj","#0000FF","#00FFFF","#0070FF",642,40,3,0,29
"5756ae6897296","objTwoColors","#6C00FF","1.9565217391304348","320.8695652173913",113,10,5,0,7
"5756ae6897296","twoColorsObj","#00FFFF","#FF00FF","#B000FF",251,20,4,0,24
"5756ae6897296","objTwoColors","#00FF9A","182.28260869565216","49.56521739130435",415,39,3,0,15
"5756ae6897296","twoColorsObj","#00FF00","#FF00FF","#9200FF",186,31,4,0,27
"5756ae6897296","twoColorsObj","#00FF00","#00FFFF","#00FFC0",85,14,5,0,26
"5756ae6897296","objTwoColors","#B100FF","348.9130434782609","300",345,28,4,0,4
"5756ae6897296","objTwoColors","#FF7200","58.04347826086956","44.347826086956516",140,25,4,0,6
"5756ae6897296","twoColorsObj","#0000FF","#FF00FF","#B000FF",215,33,4,0,30
"5756ae6897296","twoColorsObj","#FF00FF","#CBFF00","#00A89E",812,56,3,0,25
"5756ae6897296","objTwoColors","#00FF00","186.19565217391306","161.73913043478262",528,37,4,0,12
"5756ae6897296","twoColorsObj","#FF0000","#00FFFF","#F000FF",128,8,4,0,21
"5756ae6897296","objTwoColors","#0000FF","5.869565217391305","313.04347826086956",97,7,5,0,10
"5756ae6897296","objTwoColors","#FF007A","231.19565217391303","270",194,19,4,0,16
"5756b2d9bd658","twoColorsObj","#0000FF","#FF00FF","#B000FF",398,44,4,0,30
"5756b2d9bd658","objTwoColors","#B100FF","311.0869565217391","210.65217391304347",189,26,4,0,14
"5756b2d9bd658","objTwoColors","#FF00FF","292.82608695652175","NONE",557,59,2,0,2
"5756b2d9bd658","objTwoColors","#00FF00","201.84782608695653","58.69565217391305",101,15,5,0,12
"5756b2d9bd658","twoColorsObj","#00FF00","#CBFF00","#BFBE00",751,89,1,0,28
"5756b2d9bd658","objTwoColors","#FF7200","55.43478260869565","356.0869565217391",183,20,5,0,11
"5756b2d9bd658","twoColorsObj","#FF0000","#00FF00","#998077",249,25,4,0,18
"5756b2d9bd658","objTwoColors","#00FF00","56.73913043478261","200.8695652173913",83,14,5,0,3
"5756b2d9bd658","objTwoColors","#00FF9A","182.28260869565216","58.69565217391305",152,28,4,0,9
"5756b2d9bd658","twoColorsObj","#FF00FF","#CBFF00","#E26AA4",239,42,4,0,25
"5756b2d9bd658","objTwoColors","#0000FF","237.06521739130434","NONE",418,33,3,0,13
"5756b2d9bd658","objTwoColors","#FF007A","46.30434782608695","309.1304347826087",403,48,4,0,16
"5756b2d9bd658","objTwoColors","#FF007A","43.69565217391305","307.82608695652175",197,15,4,0,5
"5756b2d9bd658","twoColorsObj","#00FFFF","#FF00FF","#9700FF",167,32,4,0,24
"5756b2d9bd658","twoColorsObj","#00FF00","#FF00FF","#AE004F",192,20,3,0,27
"5756b2d9bd658","twoColorsObj","#0000FF","#CBFF00","#006C84",334,38,4,0,31
"5756b2d9bd658","objTwoColors","#CEFF00","59.347826086956516","95.21739130434783",228,28,5,0,1
"5756b2d9bd658","objTwoColors","#00FF00","59.347826086956516","198.91304347826087",73,17,4,0,17
"5756b2d9bd658","twoColorsObj","#00FF00","#00FFFF","#00FF9C",156,20,4,0,26
"5756b2d9bd658","objTwoColors","#6C00FF","213.58695652173913","300",154,23,4,0,7
"5756b2d9bd658","objTwoColors","#0000FF","239.02173913043478","NONE",126,13,3,0,10
"5756b2d9bd658","twoColorsObj","#0000FF","#00FFFF","#00A4FF",81,23,3,0,29
"5756b2d9bd658","objTwoColors","#FF0000","1.9565217391304348","NONE",4,8,4,0,8
"5756b2d9bd658","objTwoColors","#00FF9A","149.02173913043475","171.52173913043478",269,34,4,0,15
"5756b2d9bd658","objTwoColors","#B100FF","199.89130434782606","302.60869565217394",186,22,5,0,4
"5756b2d9bd658","objTwoColors","#FF7200","1.9565217391304348","58.69565217391305",132,13,5,0,6
"5756b2d9bd658","twoColorsObj","#00FF00","#0000FF","#006C84",275,18,4,0,20
"5756b2d9bd658","twoColorsObj","#00FFFF","#CBFF00","#00FFC0",109,24,4,0,32
"5756b2d9bd658","twoColorsObj","#FF0000","#FF00FF","#B00084",208,19,4,0,22
"5756b2d9bd658","twoColorsObj","#FF0000","#0000FF","#3F0091",245,17,5,0,19
"5756b2d9bd658","twoColorsObj","#FF0000","#CBFF00","#E8A362",813,59,2,0,23
"5756b2d9bd658","twoColorsObj","#FF0000","#00FFFF","#8342FF",248,40,1,0,21
"5757fd2703090","twoColorsObj","#FF00FF","#FFFF00","#FF6700",244,44,3,0,25
"5757fd2703090","objTwoColors","#00FF00","55.43478260869565","226.30434782608697",54,21,5,0,17
"5757fd2703090","twoColorsObj","#FF0000","#FFFF00","#FF6700",58,5,5,0,23
"5757fd2703090","twoColorsObj","#00FF00","#FF00FF","#7100FF",288,43,3,0,27
"5757fd2703090","objTwoColors","#0080FF","211.6304347826087","NONE",134,23,5,0,10
"5757fd2703090","twoColorsObj","#00FF00","#FFFF00","#00FFFF",75,13,5,0,28
"5757fd2703090","twoColorsObj","#0000FF","#FF00FF","#430096",59,7,5,0,30
"5757fd2703090","objTwoColors","#8000FF","225.32608695652175","305.2173913043478",148,16,3,0,14
"5757fd2703090","twoColorsObj","#0000FF","#00FFFF","#7E7E7E",223,14,4,0,29
"5757fd2703090","objTwoColors","#7f00ff","270.6521739130435","NONE",175,11,4,0,4
"5757fd2703090","objTwoColors","#80FF00","143.15217391304347","NONE",163,12,5,0,12
"5757fd2703090","objTwoColors","#FF0000","0.6521739130434783","NONE",43,5,5,0,8
"5757fd2703090","twoColorsObj","#FF0000","#FF00FF","#9B00FF",115,10,5,0,22
"5757fd2703090","objTwoColors","#0080FF","205.76086956521738","NONE",352,17,5,0,13
"5757fd2703090","objTwoColors","#0000FF","229.23913043478262","NONE",69,7,5,0,7
"5757fd2703090","objTwoColors","#00FF80","150.9782608695652","NONE",57,10,3,0,9
"5757fd2703090","twoColorsObj","#00FFFF","#FFFF00","#00FF77",50,10,5,0,32
"5757fd2703090","twoColorsObj","#FF0000","#00FFFF","#9B00FF",92,10,5,0,21
"5757fd2703090","objTwoColors","#FF00FF","300","NONE",232,10,2,0,2
"5757fd2703090","objTwoColors","#FF8000","1.9565217391304348","58.69565217391305",90,9,5,0,11
"5757fd2703090","twoColorsObj","#00FF00","#00FFFF","#00FF9C",39,6,5,0,26
"5757fd2703090","objTwoColors","#FFFF00","58.04347826086956","NONE",21,4,5,0,1
"5757fd2703090","twoColorsObj","#0000FF","#FFFF00","#00B746",45,6,5,0,31
"5757fd2703090","twoColorsObj","#FF0000","#0000FF","#8A00FF",91,9,5,0,19
"5757fd2703090","twoColorsObj","#00FF00","#0000FF","#00B746",29,7,5,0,20
"5757fd2703090","objTwoColors","#80FF00","86.41304347826087","NONE",172,9,5,0,3
"5757fd2703090","twoColorsObj","#FF0000","#00FF00","NONE",99,15,1,0,18
"5757fd2703090","objTwoColors","#FF007F","333.2608695652174","NONE",101,8,2,0,16
"5757fd2703090","twoColorsObj","#00FFFF","#FF00FF","NONE",317,25,2,0,24
"5757fd2703090","objTwoColors","#FF0080","331.95652173913044","NONE",328,14,2,0,5
"5757fd2703090","objTwoColors","#00FF80","133.3695652173913","NONE",109,7,2,0,15
"5757fd2703090","objTwoColors","#FF8000","5.869565217391305","58.69565217391305",60,14,5,0,6
"5757ffca0b4b1","twoColorsObj","#00FFFF","#FF00FF","#B20084",178,23,4,0,24
"5757ffca0b4b1","twoColorsObj","#00FF00","#0000FF","#749300",244,33,2,0,20
"5757ffca0b4b1","twoColorsObj","#00FFFF","#FFFF00","#FF8600",218,27,3,0,32
"5757ffca0b4b1","objTwoColors","#FFFF00","56.73913043478261","NONE",28,19,5,0,1
"5757ffca0b4b1","twoColorsObj","#FF0000","#00FFFF","#8A00FF",168,25,3,0,21
"5757ffca0b4b1","twoColorsObj","#FF00FF","#FFFF00","#FF6700",121,14,3,0,25
"5757ffca0b4b1","twoColorsObj","#00FF00","#FFFF00","#BCC400",221,27,4,0,28
"5757ffca0b4b1","twoColorsObj","#FF0000","#00FF00","#FF6700",109,11,2,0,18
"5757ffca0b4b1","objTwoColors","#7f00ff","201.84782608695653","352.17391304347825",120,18,4,0,4
"5757ffca0b4b1","objTwoColors","#FF0000","4.565217391304348","NONE",1,8,5,0,8
"5757ffca0b4b1","twoColorsObj","#00FF00","#FF00FF","#AF0049",345,46,3,0,27
"5757ffca0b4b1","twoColorsObj","#0000FF","#FFFF00","#749300",186,22,3,0,31
"5757ffca0b4b1","objTwoColors","#FF00FF","301.95652173913044","NONE",107,16,3,0,2
"5757ffca0b4b1","objTwoColors","#8000FF","213.58695652173913","349.5652173913043",226,21,3,0,14
"5757ffca0b4b1","objTwoColors","#FF8000","0.6521739130434783","56.08695652173913",65,12,4,0,6
"5757ffca0b4b1","twoColorsObj","#0000FF","#00FFFF","#00ABA2",48,10,3,0,29
"5757ffca0b4b1","twoColorsObj","#0000FF","#FF00FF","#7100FF",92,14,4,0,30
"5757ffca0b4b1","objTwoColors","#00FF80","66.84782608695652","181.30434782608694",205,31,4,0,15
"5757ffca0b4b1","objTwoColors","#0080FF","203.80434782608697","NONE",54,11,4,0,13
"5757ffca0b4b1","twoColorsObj","#00FF00","#00FFFF","#00ABA2",50,15,2,0,26
"5757ffca0b4b1","twoColorsObj","#FF0000","#0000FF","#430096",70,21,3,0,19
"5757ffca0b4b1","twoColorsObj","#FF0000","#FFFF00","#FF8600",131,21,3,0,23
"5757ffca0b4b1","objTwoColors","#0080FF","205.76086956521738","NONE",55,13,5,0,10
"5757ffca0b4b1","objTwoColors","#FF007F","329.3478260869565","NONE",73,17,5,0,16
"5757ffca0b4b1","objTwoColors","#0000FF","235.1086956521739","NONE",43,8,4,0,7
"5757ffca0b4b1","objTwoColors","#00FF80","180.32608695652175","60",443,40,4,0,9
"5757ffca0b4b1","objTwoColors","#00FF00","56.73913043478261","191.08695652173913",77,17,4,0,17
"5757ffca0b4b1","twoColorsObj","#FF0000","#FF00FF","#9B00FF",142,14,4,0,22
"5757ffca0b4b1","objTwoColors","#FF8000","1.9565217391304348","52.17391304347826",52,22,4,0,11
"5757ffca0b4b1","objTwoColors","#80FF00","131.41304347826087","NONE",180,16,3,0,12
"5757ffca0b4b1","objTwoColors","#80FF00","129.45652173913044","NONE",97,12,3,0,3
"5757ffca0b4b1","objTwoColors","#FF0080","330.6521739130435","NONE",100,12,5,0,5
"57581518c2c07","twoColorsObj","#FF0000","#FF00FF","#8A00FF",68,20,3,0,22
"57581518c2c07","twoColorsObj","#00FF00","#FFFF00","#0059FF",36,8,5,0,28
"57581518c2c07","objTwoColors","#00FF00","52.82608695652174","234.1304347826087",380,28,4,0,17
"57581518c2c07","twoColorsObj","#0000FF","#FFFF00","#00FF77",62,14,5,0,31
"57581518c2c07","objTwoColors","#FF0080","4.565217391304348","43.04347826086956",333,51,4,0,5
"57581518c2c07","objTwoColors","#80FF00","227.28260869565216","56.08695652173913",95,9,5,0,3
"57581518c2c07","objTwoColors","#80FF00","235.1086956521739","52.17391304347826",119,12,5,0,12
"57581518c2c07","objTwoColors","#FF8000","55.43478260869565","353.47826086956525",144,10,4,0,11
"57581518c2c07","twoColorsObj","#00FF00","#0000FF","#968C00",433,20,4,0,20
"57581518c2c07","objTwoColors","#FF8000","58.04347826086956","349.5652173913043",303,23,4,0,6
"57581518c2c07","objTwoColors","#00FF80","205.76086956521738","56.08695652173913",104,10,4,0,9
"57581518c2c07","objTwoColors","#FF007F","74.67391304347825","326.0869565217391",258,19,4,0,16
"57581518c2c07","twoColorsObj","#FF0000","#00FFFF","#E361A2",180,12,4,0,21
"57581518c2c07","twoColorsObj","#00FFFF","#FF00FF","#9E5DC8",71,5,5,0,24
"57581518c2c07","objTwoColors","#00FF80","55.43478260869565","206.73913043478262",69,7,4,0,15
"57581518c2c07","twoColorsObj","#00FF00","#FF00FF","#006EFF",20,11,4,0,27
"57581518c2c07","objTwoColors","#0080FF","100.1086956521739","57.391304347826086",135,11,5,0,13
"57581518c2c07","objTwoColors","#0000FF","59.347826086956516","122.6086956521739",256,14,5,0,7
"57581518c2c07","objTwoColors","#7f00ff","176.41304347826087","323.47826086956525",120,15,4,0,4
"57581518c2c07","twoColorsObj","#0000FF","#00FFFF","#00FF9C",31,14,5,0,29
"57581518c2c07","twoColorsObj","#0000FF","#FF00FF","#9B00FF",95,10,1,0,30
"57581518c2c07","twoColorsObj","#00FF00","#00FFFF","#749300",82,8,4,0,26
"57581518c2c07","twoColorsObj","#FF0000","#00FF00","#430096",76,8,3,0,18
"57581518c2c07","twoColorsObj","#00FFFF","#FFFF00","#968C00",115,12,4,0,32
"57581518c2c07","twoColorsObj","#FF00FF","#FFFF00","#430096",47,8,4,0,25
"57581518c2c07","twoColorsObj","#FF0000","#FFFF00","#E8A352",364,30,4,0,23
"57581518c2c07","objTwoColors","#8000FF","211.6304347826087","23.47826086956522",77,7,4,0,14
"57581518c2c07","twoColorsObj","#FF0000","#0000FF","#430096",67,7,5,0,19
"57581518c2c07","objTwoColors","#FFFF00","178.3695652173913","161.73913043478262",86,8,2,0,1
"57581518c2c07","objTwoColors","#0080FF","229.23913043478262","NONE",79,15,5,0,10
"57581518c2c07","objTwoColors","#FF0000","41.08695652173913","316.95652173913044",143,28,2,0,8
"57581518c2c07","objTwoColors","#FF00FF","46.30434782608695","353.47826086956525",142,20,4,0,2
"57582b17cd76a","twoColorsObj","#FF0000","#FF00FF","#AF0049",237,52,2,0,22
"57582b17cd76a","objTwoColors","#80FF00","58.04347826086956","179.3478260869565",64,31,3,0,3
"57582b17cd76a","objTwoColors","#FF00FF","18.91304347826087","189.1304347826087",90,85,1,0,2
"57582b17cd76a","objTwoColors","#00FF00","58.04347826086956","191.08695652173913",72,27,3,0,17
"57582b17cd76a","twoColorsObj","#FF0000","#0000FF","#9B00FF",107,25,2,0,19
"57582b17cd76a","objTwoColors","#FFFF00","43.69565217391305","NONE",44,25,4,0,1
"57582b17cd76a","objTwoColors","#8000FF","219.45652173913044","353.47826086956525",230,27,3,0,14
"57582b17cd76a","twoColorsObj","#0000FF","#FFFF00","#00FF77",39,11,4,0,31
"57582b17cd76a","objTwoColors","#0000FF","235.1086956521739","NONE",133,26,4,0,7
"57582b17cd76a","objTwoColors","#80FF00","55.43478260869565","193.04347826086956",115,33,4,0,12
"57582b17cd76a","objTwoColors","#FF0000","4.565217391304348","NONE",11,12,4,0,8
"57582b17cd76a","twoColorsObj","#00FF00","#FFFF00","#00FF77",62,23,3,0,28
"57582b17cd76a","twoColorsObj","#00FF00","#0000FF","#44E095",65,18,4,0,20
"57582b17cd76a","twoColorsObj","#FF0000","#FFFF00","#FF6700",136,11,4,0,23
"57582b17cd76a","twoColorsObj","#00FFFF","#FF00FF","#E963FF",274,45,2,0,24
"57582b17cd76a","twoColorsObj","#00FF00","#00FFFF","#00FFC5",25,11,4,0,26
"57582b17cd76a","twoColorsObj","#FF0000","#00FF00","#AF0049",724,65,2,0,18
"57582b17cd76a","objTwoColors","#0080FF","227.28260869565216","NONE",72,10,4,0,10
"57582b17cd76a","objTwoColors","#FF8000","11.086956521739129","56.08695652173913",103,18,4,0,11
"57582b17cd76a","twoColorsObj","#FF0000","#00FFFF","#9F0084",108,19,3,0,21
"57582b17cd76a","twoColorsObj","#00FFFF","#FFFF00","#00FF77",37,7,4,0,32
"57582b17cd76a","objTwoColors","#FF8000","15","57.391304347826086",54,12,4,0,6
"57582b17cd76a","twoColorsObj","#0000FF","#00FFFF","#0088FF",18,16,5,0,29
"57582b17cd76a","objTwoColors","#FF0080","9.782608695652174","300",94,13,3,0,5
"57582b17cd76a","objTwoColors","#7f00ff","4.565217391304348","232.17391304347825",54,11,3,0,4
"57582b17cd76a","objTwoColors","#00FF80","59.347826086956516","208.69565217391303",52,13,3,0,15
"57582b17cd76a","objTwoColors","#FF007F","201.84782608695653","11.73913043478261",229,54,3,0,16
"57582b17cd76a","twoColorsObj","#00FF00","#FF00FF","#749300",310,79,1,0,27
"57582b17cd76a","objTwoColors","#0080FF","239.02173913043478","NONE",68,8,4,0,13
"57582b17cd76a","twoColorsObj","#0000FF","#FF00FF","#9D00FF",69,11,3,0,30
"57582b17cd76a","objTwoColors","#00FF80","117.71739130434781","177.39130434782606",131,16,2,0,9
"57582b17cd76a","twoColorsObj","#FF00FF","#FFFF00","#FF6700",133,16,3,0,25
